--
-- PostgreSQL database dump
--

\restrict z1xaPVVq4IkSWIGOzdHxza295lF3C59nYKkC0sdQySIXSratCmkECiaX7NDkt6R

-- Dumped from database version 16.10
-- Dumped by pg_dump version 16.10

-- Started on 2025-11-07 20:07:05

SET statement_timeout = 0;
SET lock_timeout = 0;
SET idle_in_transaction_session_timeout = 0;
SET client_encoding = 'UTF8';
SET standard_conforming_strings = on;
SELECT pg_catalog.set_config('search_path', '', false);
SET check_function_bodies = false;
SET xmloption = content;
SET client_min_messages = warning;
SET row_security = off;

SET default_tablespace = '';

SET default_table_access_method = heap;

--
-- TOC entry 215 (class 1259 OID 16424)
-- Name: lista_negra; Type: TABLE; Schema: public; Owner: postgres
--

CREATE TABLE public.lista_negra (
    id_token integer NOT NULL,
    token_invalido character varying(256) NOT NULL,
    fecha timestamp without time zone DEFAULT CURRENT_TIMESTAMP NOT NULL,
    fecha_expiracion timestamp without time zone NOT NULL
);


ALTER TABLE public.lista_negra OWNER TO postgres;

--
-- TOC entry 216 (class 1259 OID 16428)
-- Name: lista_negra_id_token_seq; Type: SEQUENCE; Schema: public; Owner: postgres
--

CREATE SEQUENCE public.lista_negra_id_token_seq
    AS integer
    START WITH 1
    INCREMENT BY 1
    NO MINVALUE
    NO MAXVALUE
    CACHE 1;


ALTER SEQUENCE public.lista_negra_id_token_seq OWNER TO postgres;

--
-- TOC entry 4941 (class 0 OID 0)
-- Dependencies: 216
-- Name: lista_negra_id_token_seq; Type: SEQUENCE OWNED BY; Schema: public; Owner: postgres
--

ALTER SEQUENCE public.lista_negra_id_token_seq OWNED BY public.lista_negra.id_token;


--
-- TOC entry 225 (class 1259 OID 49167)
-- Name: login_attempts; Type: TABLE; Schema: public; Owner: postgres
--

CREATE TABLE public.login_attempts (
    ip_address character varying(45) NOT NULL,
    failed_attempts integer DEFAULT 0 NOT NULL,
    blocked_until timestamp without time zone
);


ALTER TABLE public.login_attempts OWNER TO postgres;

--
-- TOC entry 217 (class 1259 OID 16433)
-- Name: persona; Type: TABLE; Schema: public; Owner: postgres
--

CREATE TABLE public.persona (
    id_persona integer NOT NULL,
    nombre character varying(100) NOT NULL,
    apellido_paterno character varying(100) NOT NULL,
    apellido_materno character varying(100) NOT NULL,
    sexo character varying(10) NOT NULL,
    activo boolean NOT NULL
);


ALTER TABLE public.persona OWNER TO postgres;

--
-- TOC entry 218 (class 1259 OID 16436)
-- Name: persona_id_persona_seq; Type: SEQUENCE; Schema: public; Owner: postgres
--

CREATE SEQUENCE public.persona_id_persona_seq
    AS integer
    START WITH 1
    INCREMENT BY 1
    NO MINVALUE
    NO MAXVALUE
    CACHE 1;


ALTER SEQUENCE public.persona_id_persona_seq OWNER TO postgres;

--
-- TOC entry 4942 (class 0 OID 0)
-- Dependencies: 218
-- Name: persona_id_persona_seq; Type: SEQUENCE OWNED BY; Schema: public; Owner: postgres
--

ALTER SEQUENCE public.persona_id_persona_seq OWNED BY public.persona.id_persona;


--
-- TOC entry 219 (class 1259 OID 16463)
-- Name: rol; Type: TABLE; Schema: public; Owner: postgres
--

CREATE TABLE public.rol (
    id_rol integer NOT NULL,
    nombre_rol character varying(100),
    activo boolean NOT NULL
);


ALTER TABLE public.rol OWNER TO postgres;

--
-- TOC entry 220 (class 1259 OID 16466)
-- Name: rol_id_rol_seq; Type: SEQUENCE; Schema: public; Owner: postgres
--

CREATE SEQUENCE public.rol_id_rol_seq
    AS integer
    START WITH 1
    INCREMENT BY 1
    NO MINVALUE
    NO MAXVALUE
    CACHE 1;


ALTER SEQUENCE public.rol_id_rol_seq OWNER TO postgres;

--
-- TOC entry 4943 (class 0 OID 0)
-- Dependencies: 220
-- Name: rol_id_rol_seq; Type: SEQUENCE OWNED BY; Schema: public; Owner: postgres
--

ALTER SEQUENCE public.rol_id_rol_seq OWNED BY public.rol.id_rol;


--
-- TOC entry 221 (class 1259 OID 16477)
-- Name: usuario; Type: TABLE; Schema: public; Owner: postgres
--

CREATE TABLE public.usuario (
    id_usuario integer NOT NULL,
    nombre_usuario character varying(100) NOT NULL,
    password character varying(200) NOT NULL,
    fk_id_persona integer NOT NULL,
    activo boolean NOT NULL,
    correo character varying(255) NOT NULL,
    cuenta_activa boolean NOT NULL,
    codigo_activacion character varying(6),
    fecha_expiracion_activacion timestamp without time zone,
    token_recuperacion character varying(64) DEFAULT NULL::character varying,
    fecha_expiracion_recuperacion timestamp without time zone
);


ALTER TABLE public.usuario OWNER TO postgres;

--
-- TOC entry 222 (class 1259 OID 16480)
-- Name: usuario_id_usuario_seq; Type: SEQUENCE; Schema: public; Owner: postgres
--

CREATE SEQUENCE public.usuario_id_usuario_seq
    AS integer
    START WITH 1
    INCREMENT BY 1
    NO MINVALUE
    NO MAXVALUE
    CACHE 1;


ALTER SEQUENCE public.usuario_id_usuario_seq OWNER TO postgres;

--
-- TOC entry 4944 (class 0 OID 0)
-- Dependencies: 222
-- Name: usuario_id_usuario_seq; Type: SEQUENCE OWNED BY; Schema: public; Owner: postgres
--

ALTER SEQUENCE public.usuario_id_usuario_seq OWNED BY public.usuario.id_usuario;


--
-- TOC entry 223 (class 1259 OID 16481)
-- Name: usuario_rol; Type: TABLE; Schema: public; Owner: postgres
--

CREATE TABLE public.usuario_rol (
    id_usuario_rol integer NOT NULL,
    fk_id_usuario integer NOT NULL,
    fk_id_rol integer NOT NULL
);


ALTER TABLE public.usuario_rol OWNER TO postgres;

--
-- TOC entry 224 (class 1259 OID 16484)
-- Name: usuario_rol_id_usuario_rol_seq; Type: SEQUENCE; Schema: public; Owner: postgres
--

CREATE SEQUENCE public.usuario_rol_id_usuario_rol_seq
    AS integer
    START WITH 1
    INCREMENT BY 1
    NO MINVALUE
    NO MAXVALUE
    CACHE 1;


ALTER SEQUENCE public.usuario_rol_id_usuario_rol_seq OWNER TO postgres;

--
-- TOC entry 4945 (class 0 OID 0)
-- Dependencies: 224
-- Name: usuario_rol_id_usuario_rol_seq; Type: SEQUENCE OWNED BY; Schema: public; Owner: postgres
--

ALTER SEQUENCE public.usuario_rol_id_usuario_rol_seq OWNED BY public.usuario_rol.id_usuario_rol;


--
-- TOC entry 4759 (class 2604 OID 16491)
-- Name: lista_negra id_token; Type: DEFAULT; Schema: public; Owner: postgres
--

ALTER TABLE ONLY public.lista_negra ALTER COLUMN id_token SET DEFAULT nextval('public.lista_negra_id_token_seq'::regclass);


--
-- TOC entry 4761 (class 2604 OID 16493)
-- Name: persona id_persona; Type: DEFAULT; Schema: public; Owner: postgres
--

ALTER TABLE ONLY public.persona ALTER COLUMN id_persona SET DEFAULT nextval('public.persona_id_persona_seq'::regclass);


--
-- TOC entry 4762 (class 2604 OID 16499)
-- Name: rol id_rol; Type: DEFAULT; Schema: public; Owner: postgres
--

ALTER TABLE ONLY public.rol ALTER COLUMN id_rol SET DEFAULT nextval('public.rol_id_rol_seq'::regclass);


--
-- TOC entry 4763 (class 2604 OID 16502)
-- Name: usuario id_usuario; Type: DEFAULT; Schema: public; Owner: postgres
--

ALTER TABLE ONLY public.usuario ALTER COLUMN id_usuario SET DEFAULT nextval('public.usuario_id_usuario_seq'::regclass);


--
-- TOC entry 4765 (class 2604 OID 16503)
-- Name: usuario_rol id_usuario_rol; Type: DEFAULT; Schema: public; Owner: postgres
--

ALTER TABLE ONLY public.usuario_rol ALTER COLUMN id_usuario_rol SET DEFAULT nextval('public.usuario_rol_id_usuario_rol_seq'::regclass);


--
-- TOC entry 4925 (class 0 OID 16424)
-- Dependencies: 215
-- Data for Name: lista_negra; Type: TABLE DATA; Schema: public; Owner: postgres
--

COPY public.lista_negra (id_token, token_invalido, fecha, fecha_expiracion) FROM stdin;
1	eyJ0eXAiOiJKV1QiLCJhbGciOiJIUzI1NiJ9.eyJleHAiOjE3MzI4NDI1MDQsImRhdGEiOnsidXNlciI6eyJpZF9yb2wiOjEsImlkX3VzdWFyaW8iOjcsIm5vbWJyZV9yb2wiOiJBZG1pbmlzdHJhZG9yIn19fQ.9cfeVihAxUBGeQRDifQt3dje0gVgRG0Z0QR_8osrFm0	2024-11-28 18:10:15.341083	2024-11-28 18:08:24
2	eyJ0eXAiOiJKV1QiLCJhbGciOiJIUzI1NiJ9.eyJleHAiOjE3MzI4NDI2NTUsImRhdGEiOnsidXNlciI6eyJpZF9yb2wiOjEsImlkX3VzdWFyaW8iOjcsIm5vbWJyZV9yb2wiOiJBZG1pbmlzdHJhZG9yIn19fQ.5E7VBiBuZQyECCfYEtcgbtvaKCnpLoipDize8XG8DSo	2024-11-28 18:11:12.198702	2024-11-28 18:10:55
3	eyJ0eXAiOiJKV1QiLCJhbGciOiJIUzI1NiJ9.eyJleHAiOjE3MzMwMTQyNjcsImRhdGEiOnsidXNlciI6eyJpZF9yb2wiOjEsImlkX3VzdWFyaW8iOjcsIm5vbWJyZV9yb2wiOiJBZG1pbmlzdHJhZG9yIn19fQ.KGJxpSZDIjqXh00pSZkgYIaqeJR4Dt7GvQaKlHP-DyQ	2024-11-30 17:51:27.583059	2024-11-30 17:51:07
4	eyJ0eXAiOiJKV1QiLCJhbGciOiJIUzI1NiJ9.eyJleHAiOjE3MzMxODYxMjksImRhdGEiOnsidXNlciI6eyJpZF9yb2wiOjEsImlkX3VzdWFyaW8iOjcsIm5vbWJyZV9yb2wiOiJBZG1pbmlzdHJhZG9yIn19fQ.TJmbCkPYgw3lD0SxDzhohFUgdCNZKhnr_S4G-X17LZw	2024-12-02 17:36:05.974142	2024-12-02 17:35:29
5	eyJ0eXAiOiJKV1QiLCJhbGciOiJIUzI1NiJ9.eyJleHAiOjE3MzMzNTI4OTgsImRhdGEiOnsidXNlciI6eyJpZF9yb2wiOjEsImlkX3VzdWFyaW8iOjE1LCJub21icmVfcm9sIjoiQWRtaW5pc3RyYWRvciJ9fX0.bKh2NTSznLEh2N4XNZkGDYuLqA8RUDlEVnSXcWstM4E	2024-12-04 15:55:39.715647	2024-12-04 15:54:58
6	eyJ0eXAiOiJKV1QiLCJhbGciOiJIUzI1NiJ9.eyJleHAiOjE3MzMzNjA0MTcsImRhdGEiOnsidXNlciI6eyJpZF9yb2wiOjEsImlkX3VzdWFyaW8iOjE1LCJub21icmVfcm9sIjoiQWRtaW5pc3RyYWRvciJ9fX0.qB60vmeHJ3LqAOCyaS5hIk9v1zb4HIbBw16QhI4MViM	2024-12-04 18:00:46.396633	2024-12-04 18:00:17
7	eyJ0eXAiOiJKV1QiLCJhbGciOiJIUzI1NiJ9.eyJleHAiOjE3MzMzNjkxNzcsImRhdGEiOnsidXNlciI6eyJpZF9yb2wiOjEsImlkX3VzdWFyaW8iOjE1LCJub21icmVfcm9sIjoiQWRtaW5pc3RyYWRvciJ9fX0.dm4BgRAehAXH5RdKdKQpG-wD9jP5M_Ys8TRGJoM6Wfw	2024-12-04 20:26:34.43029	2024-12-04 20:26:17
8	eyJ0eXAiOiJKV1QiLCJhbGciOiJIUzI1NiJ9.eyJleHAiOjE3MzM2OTM2NzAsImRhdGEiOnsidXNlciI6eyJpZF9yb2wiOjEsImlkX3VzdWFyaW8iOjE1LCJub21icmVfcm9sIjoiQWRtaW5pc3RyYWRvciJ9fX0.8VIyA1BFyk1jDHl1oni24id0gL5k1WSqFNC1horkoC0	2024-12-08 14:34:43.627693	2024-12-08 14:34:30
9	eyJ0eXAiOiJKV1QiLCJhbGciOiJIUzI1NiJ9.eyJleHAiOjE3MzM2OTc0MzMsImRhdGEiOnsidXNlciI6eyJpZF9yb2wiOjEsImlkX3VzdWFyaW8iOjE1LCJub21icmVfcm9sIjoiQWRtaW5pc3RyYWRvciJ9fX0.LNa76VlklfC1XOkQmnD9tavvSWkkGtnoJmUce8WWHnI	2024-12-08 15:38:23.950033	2024-12-08 15:37:13
10	eyJ0eXAiOiJKV1QiLCJhbGciOiJIUzI1NiJ9.eyJleHAiOjE3MzM4OTI2NDEsImRhdGEiOnsidXNlciI6eyJpZF9yb2wiOjEsImlkX3VzdWFyaW8iOjE1LCJub21icmVfcm9sIjoiQWRtaW5pc3RyYWRvciJ9fX0.zbqeErHl4u9aQp9zXnX0_G0uxSydgMyHj9zqxu5VGxk	2024-12-10 22:35:03.18788	2024-12-10 21:50:41
11	eyJ0eXAiOiJKV1QiLCJhbGciOiJIUzI1NiJ9.eyJleHAiOjE3MzM4OTUzMDcsImRhdGEiOnsidXNlciI6eyJpZF9yb2wiOjEsImlkX3VzdWFyaW8iOjE1LCJub21icmVfcm9sIjoiQWRtaW5pc3RyYWRvciJ9fX0.bzRDXhb0F0_DWxEiBGd2-0pLetVzbd37banzwSKdSMM	2024-12-10 22:35:10.226197	2024-12-10 22:35:07
12	eyJ0eXAiOiJKV1QiLCJhbGciOiJIUzI1NiJ9.eyJleHAiOjE3MzM5NDE2MzQsImRhdGEiOnsidXNlciI6eyJpZF9yb2wiOjEsImlkX3VzdWFyaW8iOjE1LCJub21icmVfcm9sIjoiQWRtaW5pc3RyYWRvciJ9fX0.EueNh9tdbOZgQpXLNdWO9ji1piXcnlYWkaN6Pe1qwVA	2024-12-11 11:47:50.289281	2024-12-11 11:27:14
13	eyJ0eXAiOiJKV1QiLCJhbGciOiJIUzI1NiJ9.eyJleHAiOjE3MzM5NDI4NzMsImRhdGEiOnsidXNlciI6eyJpZF9yb2wiOjEsImlkX3VzdWFyaW8iOjE1LCJub21icmVfcm9sIjoiQWRtaW5pc3RyYWRvciJ9fX0.S7rUIbZa4CkR3illTT7iEooi02_r5gDUhR7PXIZWU4g	2024-12-11 12:22:06.993998	2024-12-11 11:47:53
14	eyJ0eXAiOiJKV1QiLCJhbGciOiJIUzI1NiJ9.eyJleHAiOjE3MzM5NDQ5MjksImRhdGEiOnsidXNlciI6eyJpZF9yb2wiOjEsImlkX3VzdWFyaW8iOjE1LCJub21icmVfcm9sIjoiQWRtaW5pc3RyYWRvciJ9fX0.x2vf_XCJ5kxxgyzscTRP8PlxBcEzNqvE-vLCmaMWWgk	2024-12-11 12:26:41.372045	2024-12-11 12:22:09
15	eyJ0eXAiOiJKV1QiLCJhbGciOiJIUzI1NiJ9.eyJleHAiOjE3MzQxNDU3MzEsImRhdGEiOnsidXNlciI6eyJpZF9yb2wiOjEsImlkX3VzdWFyaW8iOjE1LCJub21icmVfcm9sIjoiQWRtaW5pc3RyYWRvciJ9fX0.osN3YqFSv6sau8XZeHNCrT4VX1gCu44i329YoDZ4908	2024-12-13 20:13:11.454309	2024-12-13 20:08:51
16	eyJ0eXAiOiJKV1QiLCJhbGciOiJIUzI1NiJ9.eyJleHAiOjE3MzQzMjI3NjQsImRhdGEiOnsidXNlciI6eyJpZF9yb2wiOjEsImlkX3VzdWFyaW8iOjE1LCJub21icmVfcm9sIjoiQWRtaW5pc3RyYWRvciJ9fX0.WDXJ0RVU0moWASUQ4lhWoqc_p5MMZuuhINlmapXHX80	2024-12-15 21:19:41.661072	2024-12-15 21:19:24
17	eyJ0eXAiOiJKV1QiLCJhbGciOiJIUzI1NiJ9.eyJleHAiOjE3MzQzODE2NzMsImRhdGEiOnsidXNlciI6eyJpZF9yb2wiOjEsImlkX3VzdWFyaW8iOjE1LCJub21icmVfcm9sIjoiQWRtaW5pc3RyYWRvciJ9fX0.u4JqzxdejFYzMFZ44SQ766edQZ2BSoFkPF8MnwTnFs8	2024-12-16 13:42:58.963023	2024-12-16 13:41:13
18	eyJ0eXAiOiJKV1QiLCJhbGciOiJIUzI1NiJ9.eyJleHAiOjE3MzQ0NzI5MTcsImRhdGEiOnsidXNlciI6eyJpZF9yb2wiOjEsImlkX3VzdWFyaW8iOjE1LCJub21icmVfcm9sIjoiQWRtaW5pc3RyYWRvciJ9fX0.MMdmLVBUmZArX7hkxh4qwcHT14E19jFTxzxB2H22vD0	2024-12-17 15:02:02.650196	2024-12-17 15:01:57
19	eyJ0eXAiOiJKV1QiLCJhbGciOiJIUzI1NiJ9.eyJleHAiOjE3MzQ0OTIxODEsImRhdGEiOnsidXNlciI6eyJpZF9yb2wiOjEsImlkX3VzdWFyaW8iOjE1LCJub21icmVfcm9sIjoiQWRtaW5pc3RyYWRvciJ9fX0.hiOJeYtOO6WJTbE8ULSKMTh5uhWSpPmX6vtdlUW32Mg	2024-12-17 20:23:20.360693	2024-12-17 20:23:01
20	eyJ0eXAiOiJKV1QiLCJhbGciOiJIUzI1NiJ9.eyJleHAiOjE3MzQ0OTI0NDIsImRhdGEiOnsidXNlciI6eyJpZF9yb2wiOjEsImlkX3VzdWFyaW8iOjE1LCJub21icmVfcm9sIjoiQWRtaW5pc3RyYWRvciJ9fX0.jQAtFm6oeNtCS8U8CRDbmHfVGKvo6t_CIzIJQ3U-vkg	2024-12-17 20:27:34.474645	2024-12-17 20:27:22
21	eyJ0eXAiOiJKV1QiLCJhbGciOiJIUzI1NiJ9.eyJleHAiOjE3MzQ0OTYzNDAsImRhdGEiOnsidXNlciI6eyJpZF9yb2wiOjEsImlkX3VzdWFyaW8iOjE1LCJub21icmVfcm9sIjoiQWRtaW5pc3RyYWRvciJ9fX0.neOevydpwE9xfPsV8psAGIKgeAcmhWNp7HbeK07hpRQ	2024-12-17 21:32:37.923925	2024-12-17 21:32:20
22	eyJ0eXAiOiJKV1QiLCJhbGciOiJIUzI1NiJ9.eyJleHAiOjE3MzQ0OTg1OTEsImRhdGEiOnsidXNlciI6eyJpZF9yb2wiOjEsImlkX3VzdWFyaW8iOjE1LCJub21icmVfcm9sIjoiQWRtaW5pc3RyYWRvciJ9fX0.1zGag6z7LYkaxi7ObqBtq5KhutphWmgQ_TIwJSaBDho	2024-12-17 22:10:08.275162	2024-12-17 22:09:51
23	eyJ0eXAiOiJKV1QiLCJhbGciOiJIUzI1NiJ9.eyJleHAiOjE3MzQ1NDY5NzAsImRhdGEiOnsidXNlciI6eyJpZF9yb2wiOjEsImlkX3VzdWFyaW8iOjE1LCJub21icmVfcm9sIjoiQWRtaW5pc3RyYWRvciJ9fX0.sDres-z6sPqE87SbF4c0m9-cDKQ10eEYAjNzBFkU_wE	2024-12-18 12:07:49.466624	2024-12-18 11:36:10
24	eyJ0eXAiOiJKV1QiLCJhbGciOiJIUzI1NiJ9.eyJleHAiOjE3MzQ1NzczMzQsImRhdGEiOnsidXNlciI6eyJpZF9yb2wiOjEsImlkX3VzdWFyaW8iOjE1LCJub21icmVfcm9sIjoiQWRtaW5pc3RyYWRvciJ9fX0.KnonJaKvDspi6bEErZRxw0Q_LBHil4Usd30gTGgVyNQ	2024-12-18 20:08:27.935955	2024-12-18 20:02:14
25	eyJ0eXAiOiJKV1QiLCJhbGciOiJIUzI1NiJ9.eyJleHAiOjE3MzQ1Nzc2NjEsImRhdGEiOnsidXNlciI6eyJpZF9yb2wiOjEsImlkX3VzdWFyaW8iOjIwLCJub21icmVfcm9sIjoiQWRtaW5pc3RyYWRvciJ9fX0.9rETOphj9kbCVSQBicuSHZJ-7KQhgZHudeFQYKZVTRk	2024-12-18 20:09:28.890169	2024-12-18 20:07:41
26	eyJ0eXAiOiJKV1QiLCJhbGciOiJIUzI1NiJ9.eyJleHAiOjE3MzQ1ODU2NzYsImRhdGEiOnsidXNlciI6eyJpZF9yb2wiOjEsImlkX3VzdWFyaW8iOjE1LCJub21icmVfcm9sIjoiQWRtaW5pc3RyYWRvciJ9fX0.qMA_1kEBm4nTvI5HKuR3DM2-iGmwZoB36Z9TEleUEaM	2024-12-18 22:47:01.459241	2024-12-18 22:21:16
27	eyJ0eXAiOiJKV1QiLCJhbGciOiJIUzI1NiJ9.eyJleHAiOjE3MzQ2MzA4NjUsImRhdGEiOnsidXNlciI6eyJpZF9yb2wiOjEsImlkX3VzdWFyaW8iOjE1LCJub21icmVfcm9sIjoiQWRtaW5pc3RyYWRvciJ9fX0.-Wc7lPWhQ607-CLr7QtkYXTWf3A5pPa8lt830q81pnM	2024-12-19 11:03:08.737716	2024-12-19 10:54:25
28	eyJ0eXAiOiJKV1QiLCJhbGciOiJIUzI1NiJ9.eyJleHAiOjE3MzQ3MTYyMjcsImRhdGEiOnsidXNlciI6eyJpZF9yb2wiOjEsImlkX3VzdWFyaW8iOjE1LCJub21icmVfcm9sIjoiQWRtaW5pc3RyYWRvciJ9fX0.K-a9d084BHPNFWV1OMnDz9pPj8TdqADhMgj7zDFdcj0	2024-12-20 10:43:51.755555	2024-12-20 10:37:07
29	eyJ0eXAiOiJKV1QiLCJhbGciOiJIUzI1NiJ9.eyJleHAiOjE3MzQ3MzU0NDEsImRhdGEiOnsidXNlciI6eyJpZF9yb2wiOjEsImlkX3VzdWFyaW8iOjE1LCJub21icmVfcm9sIjoiQWRtaW5pc3RyYWRvciJ9fX0.Uqj9Fjbo7CJOtTfw6LvgMkZrukc_Usr2OYEIn0LOufU	2024-12-20 15:58:32.923399	2024-12-20 15:57:21
30	eyJ0eXAiOiJKV1QiLCJhbGciOiJIUzI1NiJ9.eyJleHAiOjE3MzQ5ODc4NjMsImRhdGEiOnsidXNlciI6eyJpZF9yb2wiOjEsImlkX3VzdWFyaW8iOjE1LCJub21icmVfcm9sIjoiQWRtaW5pc3RyYWRvciJ9fX0.6H8UDBU9HnFoKpvxzjozHx0ZeAqpsHg9Cc8Jm2suzwk	2024-12-23 14:05:05.051742	2024-12-23 14:04:23
31	eyJ0eXAiOiJKV1QiLCJhbGciOiJIUzI1NiJ9.eyJleHAiOjE3MzQ5OTQ2OTAsImRhdGEiOnsidXNlciI6eyJpZF9yb2wiOjEsImlkX3VzdWFyaW8iOjE1LCJub21icmVfcm9sIjoiQWRtaW5pc3RyYWRvciJ9fX0.oypErUefDL_LUgcgfbeliszfONWM-QADT-sN-4zJUiw	2024-12-23 16:00:55.495536	2024-12-23 15:58:10
32	eyJ0eXAiOiJKV1QiLCJhbGciOiJIUzI1NiJ9.eyJleHAiOjE3MzQ5OTYyMzMsImRhdGEiOnsidXNlciI6eyJpZF9yb2wiOjEsImlkX3VzdWFyaW8iOjE1LCJub21icmVfcm9sIjoiQWRtaW5pc3RyYWRvciJ9fX0.6UP2tlgjRn7wyr08oHF37D16lZmqb96NdTVA_fR6-fU	2024-12-23 16:27:44.883248	2024-12-23 16:23:53
33	eyJ0eXAiOiJKV1QiLCJhbGciOiJIUzI1NiJ9.eyJleHAiOjE3MzUwMDA1MzYsImRhdGEiOnsidXNlciI6eyJpZF9yb2wiOjEsImlkX3VzdWFyaW8iOjE1LCJub21icmVfcm9sIjoiQWRtaW5pc3RyYWRvciJ9fX0.i03GLtdW_b-n5RiVWiwSlCtL_X7O3rtzzGm2noRb_Bc	2024-12-23 18:10:43.900477	2024-12-23 17:35:36
34	eyJ0eXAiOiJKV1QiLCJhbGciOiJIUzI1NiJ9.eyJleHAiOjE3MzUwMDkyNDAsImRhdGEiOnsidXNlciI6eyJpZF9yb2wiOjEsImlkX3VzdWFyaW8iOjE1LCJub21icmVfcm9sIjoiQWRtaW5pc3RyYWRvciJ9fX0.5DWlSPZco6o_q5jovy82xOR85UNVo0oDo6-D0yL7Kp8	2024-12-23 20:00:56.651037	2024-12-23 20:00:40
35	eyJ0eXAiOiJKV1QiLCJhbGciOiJIUzI1NiJ9.eyJleHAiOjE3MzUwMTc3MzgsImRhdGEiOnsidXNlciI6eyJpZF9yb2wiOjEsImlkX3VzdWFyaW8iOjE1LCJub21icmVfcm9sIjoiQWRtaW5pc3RyYWRvciJ9fX0.kIWZk__cdaq2c2ub_3TyWa0qEBp7l_SeSrI4vwuMutY	2024-12-23 22:25:20.35923	2024-12-23 22:22:18
36	eyJ0eXAiOiJKV1QiLCJhbGciOiJIUzI1NiJ9.eyJleHAiOjE3MzUwMTgwODYsImRhdGEiOnsidXNlciI6eyJpZF9yb2wiOjEsImlkX3VzdWFyaW8iOjE1LCJub21icmVfcm9sIjoiQWRtaW5pc3RyYWRvciJ9fX0.CvwCpn6YHdsgAShfqNtaNkYDlKy5ttURuFRhUmTOZ8E	2024-12-23 22:56:33.200115	2024-12-23 22:28:06
37	eyJ0eXAiOiJKV1QiLCJhbGciOiJIUzI1NiJ9.eyJleHAiOjE3MzUwMjA0NDYsImRhdGEiOnsidXNlciI6eyJpZF9yb2wiOjEsImlkX3VzdWFyaW8iOjE1LCJub21icmVfcm9sIjoiQWRtaW5pc3RyYWRvciJ9fX0.sj9q6KTa3qgE1gkwUhj6f0erc9ox6EnK__mPt8ay59o	2024-12-23 23:23:42.426768	2024-12-23 23:07:26
38	eyJ0eXAiOiJKV1QiLCJhbGciOiJIUzI1NiJ9.eyJleHAiOjE3MzU0MTkyNjAsImRhdGEiOnsidXNlciI6eyJpZF9yb2wiOjEsImlkX3VzdWFyaW8iOjE1LCJub21icmVfcm9sIjoiQWRtaW5pc3RyYWRvciJ9fX0.vOIh4KMWBSliGHD7utQauuCDgh7kkLVxMXXRaSIqVUA	2024-12-28 13:59:18.32367	2024-12-28 13:54:20
39	eyJ0eXAiOiJKV1QiLCJhbGciOiJIUzI1NiJ9.eyJleHAiOjE3MzU1MDcxNzcsImRhdGEiOnsidXNlciI6eyJpZF9yb2wiOjEsImlkX3VzdWFyaW8iOjE1LCJub21icmVfcm9sIjoiQWRtaW5pc3RyYWRvciJ9fX0.V3SYno4Hj7TyMJ1nyh3Yox40Ndm6rzvePHJfBP9O7Xs	2024-12-29 15:18:54.789723	2024-12-29 14:19:37
40	eyJ0eXAiOiJKV1QiLCJhbGciOiJIUzI1NiJ9.eyJleHAiOjE3MzU2Mjk2MDksImRhdGEiOnsidXNlciI6eyJpZF9yb2wiOjEsImlkX3VzdWFyaW8iOjE1LCJub21icmVfcm9sIjoiQWRtaW5pc3RyYWRvciJ9fX0.D31XhBzQky8DYswBy3Q7uvGOCVFncydK6AH4bNzlEE4	2024-12-31 00:34:56.341043	2024-12-31 00:20:09
41	eyJ0eXAiOiJKV1QiLCJhbGciOiJIUzI1NiJ9.eyJleHAiOjE3MzU4NTM1MjcsImRhdGEiOnsidXNlciI6eyJpZF9yb2wiOjEsImlkX3VzdWFyaW8iOjE1LCJub21icmVfcm9sIjoiQWRtaW5pc3RyYWRvciJ9fX0.VNzoV8UxPmvkD2czDy4j_yjTXf3JFE6QYFoXo7ulwY0	2025-01-02 14:32:14.943609	2025-01-02 14:32:07
42	eyJ0eXAiOiJKV1QiLCJhbGciOiJIUzI1NiJ9.eyJleHAiOjE3Mzc1MTE0NzgsImRhdGEiOnsidXNlciI6eyJpZF9yb2wiOjEsImlkX3VzdWFyaW8iOjE1LCJub21icmVfcm9sIjoiQWRtaW5pc3RyYWRvciJ9fX0.Z7jKVYlTUbK9XTuORIG4Biaup_tvJD2O29lDI4GUWQw	2025-01-21 19:04:42.026688	2025-01-21 19:04:38
43	eyJ0eXAiOiJKV1QiLCJhbGciOiJIUzI1NiJ9.eyJleHAiOjE3MzgzNzg1NjksImRhdGEiOnsidXNlciI6eyJpZF9yb2wiOjEsImlkX3VzdWFyaW8iOjE1LCJub21icmVfcm9sIjoiQWRtaW5pc3RyYWRvciJ9fX0.QKsNaLZktXaRsOq9BwFUgjzm25ASrpuyaV0-xZ7V8FY	2025-01-31 20:09:57.804086	2025-01-31 19:56:09
44	eyJ0eXAiOiJKV1QiLCJhbGciOiJIUzI1NiJ9.eyJleHAiOjE3Mzg0NTM0NTAsImRhdGEiOnsidXNlciI6eyJpZF9yb2wiOjEsImlkX3VzdWFyaW8iOjE1LCJub21icmVfcm9sIjoiQWRtaW5pc3RyYWRvciJ9fX0.QA5GYu6t7Z5ckZi8AuZ0bpFv70ZiO67nnfxO9I_fGMo	2025-02-01 17:07:33.390045	2025-02-01 16:44:10
45	eyJ0eXAiOiJKV1QiLCJhbGciOiJIUzI1NiJ9.eyJleHAiOjE3Mzg0NTQ4NjMsImRhdGEiOnsidXNlciI6eyJpZF9yb2wiOjEsImlkX3VzdWFyaW8iOjE1LCJub21icmVfcm9sIjoiQWRtaW5pc3RyYWRvciJ9fX0.g5ipYOcui-dbrmf-QEZaAcYrh5QqIbHsfkX4mA4OlQE	2025-02-01 17:09:28.90309	2025-02-01 17:07:43
46	eyJ0eXAiOiJKV1QiLCJhbGciOiJIUzI1NiJ9.eyJleHAiOjE3Mzg3MTAwODEsImRhdGEiOnsidXNlciI6eyJpZF9yb2wiOjEsImlkX3VzdWFyaW8iOjE1LCJub21icmVfcm9sIjoiQWRtaW5pc3RyYWRvciJ9fX0.yCdt8tusVRku7t-YnGU_RovjmWDRBDFyN3p6mCwT66s	2025-02-04 16:50:14.80694	2025-02-04 16:01:21
47	eyJ0eXAiOiJKV1QiLCJhbGciOiJIUzI1NiJ9.eyJleHAiOjE3Mzg3MTc2OTYsImRhdGEiOnsidXNlciI6eyJpZF9yb2wiOjEsImlkX3VzdWFyaW8iOjE1LCJub21icmVfcm9sIjoiQWRtaW5pc3RyYWRvciJ9fX0.uOCvziQ0dTyCHnceYUC7UHWe2m7oiPOCy84mdzm8MRY	2025-02-04 18:37:37.483997	2025-02-04 18:08:16
48	eyJ0eXAiOiJKV1QiLCJhbGciOiJIUzI1NiJ9.eyJleHAiOjE3MzkzMTg5MTUsImRhdGEiOnsidXNlciI6eyJpZF9yb2wiOjEsImlkX3VzdWFyaW8iOjE1LCJub21icmVfcm9sIjoiQWRtaW5pc3RyYWRvciJ9fX0.Q6Y10oH_TCg9BgI4mtpLVg4-KnCjJX5Q6HxmYx60C60	2025-02-11 17:09:24.043993	2025-02-11 17:08:35
49	eyJ0eXAiOiJKV1QiLCJhbGciOiJIUzI1NiJ9.eyJleHAiOjE3Mzk0MTY2OTEsImRhdGEiOnsidXNlciI6eyJpZF9yb2wiOjEsImlkX3VzdWFyaW8iOjE1LCJub21icmVfcm9sIjoiQWRtaW5pc3RyYWRvciJ9fX0.IcoVkVJJyxwFFzwcz7kGMIvznb3Xz7YylkMr2ww3XB8	2025-02-12 20:18:33.64076	2025-02-12 20:18:11
50	eyJ0eXAiOiJKV1QiLCJhbGciOiJIUzI1NiJ9.eyJleHAiOjE3Mzk0MTcxNDUsImRhdGEiOnsidXNlciI6eyJpZF9yb2wiOjEsImlkX3VzdWFyaW8iOjE1LCJub21icmVfcm9sIjoiQWRtaW5pc3RyYWRvciJ9fX0.sR0fGqEMHZeS1Mfyx3EVKAti9OaD4DPrN2zOMM8IAyI	2025-02-12 20:25:56.554255	2025-02-12 20:25:45
51	eyJ0eXAiOiJKV1QiLCJhbGciOiJIUzI1NiJ9.eyJleHAiOjE3NDA2MDY1MDgsImRhdGEiOnsidXNlciI6eyJpZF9yb2wiOjEsImlkX3VzdWFyaW8iOjE1LCJub21icmVfcm9sIjoiQWRtaW5pc3RyYWRvciJ9fX0.04wMpDHSmI4PxM-UKve90YwV1_ydVsjkY8iCvThzzj4	2025-02-26 15:28:03.758407	2025-02-26 14:48:28
52	eyJ0eXAiOiJKV1QiLCJhbGciOiJIUzI1NiJ9.eyJleHAiOjE3NDA2MDg5MTEsImRhdGEiOnsidXNlciI6eyJpZF9yb2wiOjEsImlkX3VzdWFyaW8iOjE1LCJub21icmVfcm9sIjoiQWRtaW5pc3RyYWRvciJ9fX0.bPubuB2GKStT_5lCDyHagxoUANxXelUKvOCFK5FfbvQ	2025-02-26 15:49:12.749011	2025-02-26 15:28:31
53	eyJ0eXAiOiJKV1QiLCJhbGciOiJIUzI1NiJ9.eyJleHAiOjE3NDA2MTAyNDEsImRhdGEiOnsidXNlciI6eyJpZF9yb2wiOjEsImlkX3VzdWFyaW8iOjE1LCJub21icmVfcm9sIjoiQWRtaW5pc3RyYWRvciJ9fX0.uBFh0GM2g61WI4AhtPme3rAuoVmKYs_tvKY-zqQ0fEw	2025-02-26 15:53:58.85698	2025-02-26 15:50:41
54	eyJ0eXAiOiJKV1QiLCJhbGciOiJIUzI1NiJ9.eyJleHAiOjE3NDA2ODkyMjAsImRhdGEiOnsidXNlciI6eyJpZF9yb2wiOjEsImlkX3VzdWFyaW8iOjE1LCJub21icmVfcm9sIjoiQWRtaW5pc3RyYWRvciJ9fX0.1RFQU93Us6eFtK6hSPnXJUMoKYeNeeao_9b5vysxg4I	2025-02-27 13:49:51.674345	2025-02-27 13:47:00
55	eyJ0eXAiOiJKV1QiLCJhbGciOiJIUzI1NiJ9.eyJleHAiOjE3NDA2ODk1MTgsImRhdGEiOnsidXNlciI6eyJpZF9yb2wiOjEsImlkX3VzdWFyaW8iOjE1LCJub21icmVfcm9sIjoiQWRtaW5pc3RyYWRvciJ9fX0.O5KMAuF7U6yQQ55lNzxF9hTwrqQI8Px9V-3vsrzk0Xs	2025-02-27 13:52:04.603416	2025-02-27 13:51:58
56	eyJ0eXAiOiJKV1QiLCJhbGciOiJIUzI1NiJ9.eyJleHAiOjE3NDA2ODk1MzYsImRhdGEiOnsidXNlciI6eyJpZF9yb2wiOjIsImlkX3VzdWFyaW8iOjIxLCJub21icmVfcm9sIjoiU2VjcmV0YXJpYSBwcmVlc2NvbGFyIn19fQ.azXsQ-cxgYNihf3bksQEMazohgPOKItC1oSds7INmjo	2025-02-27 13:52:22.70367	2025-02-27 13:52:16
57	eyJ0eXAiOiJKV1QiLCJhbGciOiJIUzI1NiJ9.eyJleHAiOjE3NDA2ODk1NTAsImRhdGEiOnsidXNlciI6eyJpZF9yb2wiOjMsImlkX3VzdWFyaW8iOjIyLCJub21icmVfcm9sIjoiU2VjcmV0YXJpYSBwcmltYXJpYSJ9fX0.IYbvcPH-lMGJxnQhwXuwLrZ7cBOK3AZK6gzyC1n1y8w	2025-02-27 13:52:37.166806	2025-02-27 13:52:30
58	eyJ0eXAiOiJKV1QiLCJhbGciOiJIUzI1NiJ9.eyJleHAiOjE3NDA2ODk1NjIsImRhdGEiOnsidXNlciI6eyJpZF9yb2wiOjQsImlkX3VzdWFyaW8iOjEyLCJub21icmVfcm9sIjoiU2VjcmV0YXJpYSBpbmNsdXNpdmEifX19.OWJ6rZKsfp5uCSH8AmyaNIcxNUtZc1z5qfpXYjosuss	2025-02-27 14:09:32.155092	2025-02-27 13:52:42
59	eyJ0eXAiOiJKV1QiLCJhbGciOiJIUzI1NiJ9.eyJleHAiOjE3NDA2OTA1NzgsImRhdGEiOnsidXNlciI6eyJpZF9yb2wiOjEsImlkX3VzdWFyaW8iOjE1LCJub21icmVfcm9sIjoiQWRtaW5pc3RyYWRvciJ9fX0.wub0hx_iIPRLxKnLQx4bRM375ilW7jDfZzMoYZLGSE8	2025-02-27 15:08:53.38898	2025-02-27 14:09:38
60	eyJ0eXAiOiJKV1QiLCJhbGciOiJIUzI1NiJ9.eyJleHAiOjE3NDA2OTQxMzcsImRhdGEiOnsidXNlciI6eyJpZF9yb2wiOjIsImlkX3VzdWFyaW8iOjIxLCJub21icmVfcm9sIjoiU2VjcmV0YXJpYSBwcmVlc2NvbGFyIn19fQ.YbCcri8YM1NFBGy5Nb0YfWhfHYOPo2N0KBVyYyVsB_Y	2025-02-27 15:09:02.044471	2025-02-27 15:08:57
61	eyJ0eXAiOiJKV1QiLCJhbGciOiJIUzI1NiJ9.eyJleHAiOjE3NDA2OTQxNDUsImRhdGEiOnsidXNlciI6eyJpZF9yb2wiOjMsImlkX3VzdWFyaW8iOjIyLCJub21icmVfcm9sIjoiU2VjcmV0YXJpYSBwcmltYXJpYSJ9fX0.7CoaRTFdZysUzE8UkaEz5UPrbeXeEHt9usErj7x9Rn0	2025-02-27 15:09:08.449447	2025-02-27 15:09:05
62	eyJ0eXAiOiJKV1QiLCJhbGciOiJIUzI1NiJ9.eyJleHAiOjE3NDA2OTQxNTEsImRhdGEiOnsidXNlciI6eyJpZF9yb2wiOjQsImlkX3VzdWFyaW8iOjEyLCJub21icmVfcm9sIjoiU2VjcmV0YXJpYSBpbmNsdXNpdmEifX19.3EAJRMUwLFZRVxsJ8eYcKKPh8VubtCTdwGo9QLVU9go	2025-02-27 15:18:08.035932	2025-02-27 15:09:11
63	eyJ0eXAiOiJKV1QiLCJhbGciOiJIUzI1NiJ9.eyJleHAiOjE3NDA2OTQ2OTEsImRhdGEiOnsidXNlciI6eyJpZF9yb2wiOjEsImlkX3VzdWFyaW8iOjE1LCJub21icmVfcm9sIjoiQWRtaW5pc3RyYWRvciJ9fX0.QRqxcyMH0isA0s_SzEVT9lnCHPVlWdRPV2B_4AxUpuM	2025-02-27 15:18:57.354555	2025-02-27 15:18:11
64	eyJ0eXAiOiJKV1QiLCJhbGciOiJIUzI1NiJ9.eyJleHAiOjE3NDA2OTQ3NDEsImRhdGEiOnsidXNlciI6eyJpZF9yb2wiOjIsImlkX3VzdWFyaW8iOjIxLCJub21icmVfcm9sIjoiU2VjcmV0YXJpYSBwcmVlc2NvbGFyIn19fQ.trEX6VsBd4v8uCSZNm0MdSCyr4G3k2zMOw8BdhdNScY	2025-02-27 15:19:07.673078	2025-02-27 15:19:01
65	eyJ0eXAiOiJKV1QiLCJhbGciOiJIUzI1NiJ9.eyJleHAiOjE3NDA2OTQ3NTIsImRhdGEiOnsidXNlciI6eyJpZF9yb2wiOjMsImlkX3VzdWFyaW8iOjIyLCJub21icmVfcm9sIjoiU2VjcmV0YXJpYSBwcmltYXJpYSJ9fX0.NA6MzWH7MdIYEIu-iJ_p5M9ST35sReiSumESMuhGfIg	2025-02-27 15:19:19.891756	2025-02-27 15:19:12
66	eyJ0eXAiOiJKV1QiLCJhbGciOiJIUzI1NiJ9.eyJleHAiOjE3NDA2OTQ3NjMsImRhdGEiOnsidXNlciI6eyJpZF9yb2wiOjQsImlkX3VzdWFyaW8iOjEyLCJub21icmVfcm9sIjoiU2VjcmV0YXJpYSBpbmNsdXNpdmEifX19.kjQWC6n7TWPA4iSXrMhAMpYGIb9-uODr4z5-44hZK0c	2025-02-27 15:21:24.017804	2025-02-27 15:19:23
67	eyJ0eXAiOiJKV1QiLCJhbGciOiJIUzI1NiJ9.eyJleHAiOjE3NDA2OTQ4ODcsImRhdGEiOnsidXNlciI6eyJpZF9yb2wiOjEsImlkX3VzdWFyaW8iOjE1LCJub21icmVfcm9sIjoiQWRtaW5pc3RyYWRvciJ9fX0.NdWS-04-AQbm3xfbtHcNka_qP8seEOlBUVtZbcD1XFk	2025-02-27 16:10:52.53989	2025-02-27 15:21:27
68	eyJ0eXAiOiJKV1QiLCJhbGciOiJIUzI1NiJ9.eyJleHAiOjE3NDA2OTc4NTYsImRhdGEiOnsidXNlciI6eyJpZF9yb2wiOjIsImlkX3VzdWFyaW8iOjIxLCJub21icmVfcm9sIjoiU2VjcmV0YXJpYSBwcmVlc2NvbGFyIn19fQ.mjzMRCUPkdOfGyK1Xtrb3WUjPP3f_NdBSTX3Q5UJin8	2025-02-27 16:13:17.852045	2025-02-27 16:10:56
69	eyJ0eXAiOiJKV1QiLCJhbGciOiJIUzI1NiJ9.eyJleHAiOjE3NDA2OTgwMDIsImRhdGEiOnsidXNlciI6eyJpZF9yb2wiOjEsImlkX3VzdWFyaW8iOjE1LCJub21icmVfcm9sIjoiQWRtaW5pc3RyYWRvciJ9fX0.2kuKn6fEjpEwefpeJ7HGYvcbB3f2zDSs3BlBQobmibw	2025-02-27 16:13:26.101429	2025-02-27 16:13:22
70	eyJ0eXAiOiJKV1QiLCJhbGciOiJIUzI1NiJ9.eyJleHAiOjE3NDA2OTgwMDksImRhdGEiOnsidXNlciI6eyJpZF9yb2wiOjIsImlkX3VzdWFyaW8iOjIxLCJub21icmVfcm9sIjoiU2VjcmV0YXJpYSBwcmVlc2NvbGFyIn19fQ.Q5O2zufCgVDkxfIAtH8qqUfrhZtmcaCxQiS0V8Le5kI	2025-02-27 16:13:32.36956	2025-02-27 16:13:29
71	eyJ0eXAiOiJKV1QiLCJhbGciOiJIUzI1NiJ9.eyJleHAiOjE3NDA2OTgwMTUsImRhdGEiOnsidXNlciI6eyJpZF9yb2wiOjMsImlkX3VzdWFyaW8iOjIyLCJub21icmVfcm9sIjoiU2VjcmV0YXJpYSBwcmltYXJpYSJ9fX0.4WuicNiBJmwwxayDPQgZNpW9QuBj3eqdHOvKuUKP9P4	2025-02-27 16:13:39.159382	2025-02-27 16:13:35
72	eyJ0eXAiOiJKV1QiLCJhbGciOiJIUzI1NiJ9.eyJleHAiOjE3NDA2OTgwMjMsImRhdGEiOnsidXNlciI6eyJpZF9yb2wiOjQsImlkX3VzdWFyaW8iOjEyLCJub21icmVfcm9sIjoiU2VjcmV0YXJpYSBpbmNsdXNpdmEifX19.LYEtmmg83w3F9Q0Z6xWMvxI_a8ZdaOEeXIvPGFUlumU	2025-02-27 16:33:34.605814	2025-02-27 16:13:43
73	eyJ0eXAiOiJKV1QiLCJhbGciOiJIUzI1NiJ9.eyJleHAiOjE3NDA2OTkyMTgsImRhdGEiOnsidXNlciI6eyJpZF9yb2wiOjMsImlkX3VzdWFyaW8iOjIyLCJub21icmVfcm9sIjoiU2VjcmV0YXJpYSBwcmltYXJpYSJ9fX0.wQY0GhFg96kgn5n5JLmX_Sn3xvO7CaVtiv76aX2l_gI	2025-02-27 16:33:59.139215	2025-02-27 16:33:38
74	eyJ0eXAiOiJKV1QiLCJhbGciOiJIUzI1NiJ9.eyJleHAiOjE3NDA2OTkyNDMsImRhdGEiOnsidXNlciI6eyJpZF9yb2wiOjQsImlkX3VzdWFyaW8iOjEyLCJub21icmVfcm9sIjoiU2VjcmV0YXJpYSBpbmNsdXNpdmEifX19.-blfS7HEpDu3-kl1rL8FJO-XZcGFT2rh5jhGZeme6Rs	2025-02-27 16:34:08.887026	2025-02-27 16:34:03
75	eyJ0eXAiOiJKV1QiLCJhbGciOiJIUzI1NiJ9.eyJleHAiOjE3NDA2OTkyNTMsImRhdGEiOnsidXNlciI6eyJpZF9yb2wiOjMsImlkX3VzdWFyaW8iOjIyLCJub21icmVfcm9sIjoiU2VjcmV0YXJpYSBwcmltYXJpYSJ9fX0.qDTX8DFuUjyyrhdeX113cCXBJzZGrLt17g-NGx3m6S4	2025-02-27 16:34:42.208584	2025-02-27 16:34:13
76	eyJ0eXAiOiJKV1QiLCJhbGciOiJIUzI1NiJ9.eyJleHAiOjE3NDA2OTkyODUsImRhdGEiOnsidXNlciI6eyJpZF9yb2wiOjIsImlkX3VzdWFyaW8iOjIxLCJub21icmVfcm9sIjoiU2VjcmV0YXJpYSBwcmVlc2NvbGFyIn19fQ.4ZRsVy388Ft2Gnno0aUGRzTLWnvPF7WBLzmOjRPJh5Q	2025-02-27 16:47:58.034545	2025-02-27 16:34:45
77	eyJ0eXAiOiJKV1QiLCJhbGciOiJIUzI1NiJ9.eyJleHAiOjE3NDA3MDAwODEsImRhdGEiOnsidXNlciI6eyJpZF9yb2wiOjIsImlkX3VzdWFyaW8iOjIxLCJub21icmVfcm9sIjoiU2VjcmV0YXJpYSBwcmVlc2NvbGFyIn19fQ.wCPNDWWDvr3ot1x4e3UIvrPPCUbWB8tmjAFvVZ6ETrI	2025-02-27 16:52:14.237012	2025-02-27 16:48:01
78	eyJ0eXAiOiJKV1QiLCJhbGciOiJIUzI1NiJ9.eyJleHAiOjE3NDA3MDAzNDAsImRhdGEiOnsidXNlciI6eyJpZF9yb2wiOjEsImlkX3VzdWFyaW8iOjE1LCJub21icmVfcm9sIjoiQWRtaW5pc3RyYWRvciJ9fX0.hAGp-hLb_PpQOb9hNRrlNUFRQcd_g0Mu685hlOdI8_0	2025-02-27 16:52:37.537498	2025-02-27 16:52:20
79	eyJ0eXAiOiJKV1QiLCJhbGciOiJIUzI1NiJ9.eyJleHAiOjE3NDA3MDAzNjAsImRhdGEiOnsidXNlciI6eyJpZF9yb2wiOjIsImlkX3VzdWFyaW8iOjIxLCJub21icmVfcm9sIjoiU2VjcmV0YXJpYSBwcmVlc2NvbGFyIn19fQ.n63HnsIDqasar67c6oCG6rzBmDu1Um4rGoKvTsc1Ttw	2025-02-27 17:08:56.058969	2025-02-27 16:52:40
80	eyJ0eXAiOiJKV1QiLCJhbGciOiJIUzI1NiJ9.eyJleHAiOjE3NDA3MDEzNDEsImRhdGEiOnsidXNlciI6eyJpZF9yb2wiOjEsImlkX3VzdWFyaW8iOjE1LCJub21icmVfcm9sIjoiQWRtaW5pc3RyYWRvciJ9fX0.GjyaB2_LGeP3Zktyihbl-CLfq6uem4BiAB5AR8f3u1Q	2025-02-27 17:09:16.206099	2025-02-27 17:09:01
81	eyJ0eXAiOiJKV1QiLCJhbGciOiJIUzI1NiJ9.eyJleHAiOjE3NDA3MDEzNTksImRhdGEiOnsidXNlciI6eyJpZF9yb2wiOjMsImlkX3VzdWFyaW8iOjIyLCJub21icmVfcm9sIjoiU2VjcmV0YXJpYSBwcmltYXJpYSJ9fX0.ia4B0KW4tbX53R_itpT45niHO5ldUI2JmrgwEg8f91k	2025-02-27 17:09:25.005937	2025-02-27 17:09:19
82	eyJ0eXAiOiJKV1QiLCJhbGciOiJIUzI1NiJ9.eyJleHAiOjE3NDA3MDEzNjgsImRhdGEiOnsidXNlciI6eyJpZF9yb2wiOjQsImlkX3VzdWFyaW8iOjEyLCJub21icmVfcm9sIjoiU2VjcmV0YXJpYSBpbmNsdXNpdmEifX19.qlikcbPVfZMJwOQJ0nqzOomn0nuUi8TT2lQQLG-2V44	2025-02-27 17:15:06.106054	2025-02-27 17:09:28
83	eyJ0eXAiOiJKV1QiLCJhbGciOiJIUzI1NiJ9.eyJleHAiOjE3NDA3MDE3MDksImRhdGEiOnsidXNlciI6eyJpZF9yb2wiOjEsImlkX3VzdWFyaW8iOjE1LCJub21icmVfcm9sIjoiQWRtaW5pc3RyYWRvciJ9fX0.xhztXegm6JMK2ZHgBCDjDbZ9iCE_3GgSMEqqg2SyNys	2025-02-27 17:19:37.918941	2025-02-27 17:15:09
84	eyJ0eXAiOiJKV1QiLCJhbGciOiJIUzI1NiJ9.eyJleHAiOjE3NDA3MTkzOTcsImRhdGEiOnsidXNlciI6eyJpZF9yb2wiOjEsImlkX3VzdWFyaW8iOjE1LCJub21icmVfcm9sIjoiQWRtaW5pc3RyYWRvciJ9fX0.rmy_LopuervVSI9J2T9S7SsGQoFIWtSnFknWCmajUmE	2025-02-27 22:21:47.84203	2025-02-27 22:09:57
85	eyJ0eXAiOiJKV1QiLCJhbGciOiJIUzI1NiJ9.eyJleHAiOjE3NDA3MjM3NjEsImRhdGEiOnsidXNlciI6eyJpZF9yb2wiOjMsImlkX3VzdWFyaW8iOjIyLCJub21icmVfcm9sIjoiU2VjcmV0YXJpYSBwcmltYXJpYSJ9fX0.J3QDW0BEvQg0EfBfh_AlnEhjfjkb7YWDZc8lx3TkDfY	2025-02-27 23:54:39.538795	2025-02-27 23:22:41
86	eyJ0eXAiOiJKV1QiLCJhbGciOiJIUzI1NiJ9.eyJleHAiOjE3NDA3MjU2ODQsImRhdGEiOnsidXNlciI6eyJpZF9yb2wiOjEsImlkX3VzdWFyaW8iOjE1LCJub21icmVfcm9sIjoiQWRtaW5pc3RyYWRvciJ9fX0.C6y9Hr7R4AVqTY4Msk8nQW-RzbOQhcTnfRYmE1mfQVA	2025-02-28 00:08:22.927939	2025-02-27 23:54:44
87	eyJ0eXAiOiJKV1QiLCJhbGciOiJIUzI1NiJ9.eyJleHAiOjE3NDA3MjY1MDcsImRhdGEiOnsidXNlciI6eyJpZF9yb2wiOjIsImlkX3VzdWFyaW8iOjIxLCJub21icmVfcm9sIjoiU2VjcmV0YXJpYSBwcmVlc2NvbGFyIn19fQ.GMFyCb6D5EcfwxPE_K7njWR3QuRbYtr6ESWrarHbwWg	2025-02-28 00:09:19.200529	2025-02-28 00:08:27
88	eyJ0eXAiOiJKV1QiLCJhbGciOiJIUzI1NiJ9.eyJleHAiOjE3NDA3MjY1NjIsImRhdGEiOnsidXNlciI6eyJpZF9yb2wiOjMsImlkX3VzdWFyaW8iOjIyLCJub21icmVfcm9sIjoiU2VjcmV0YXJpYSBwcmltYXJpYSJ9fX0.-vOGNMFZx3Q2p0H59FTsKwkBRU1MgOaq4YszGzmzupg	2025-02-28 00:13:21.173064	2025-02-28 00:09:22
89	eyJ0eXAiOiJKV1QiLCJhbGciOiJIUzI1NiJ9.eyJleHAiOjE3NDA3MjY4MDQsImRhdGEiOnsidXNlciI6eyJpZF9yb2wiOjEsImlkX3VzdWFyaW8iOjE1LCJub21icmVfcm9sIjoiQWRtaW5pc3RyYWRvciJ9fX0.lBHVCGmttE6s_KB_xIi3DX35yamxHC0FjUxb9-_3rtg	2025-02-28 00:13:46.745008	2025-02-28 00:13:24
90	eyJ0eXAiOiJKV1QiLCJhbGciOiJIUzI1NiJ9.eyJleHAiOjE3NDA3MjY4MzAsImRhdGEiOnsidXNlciI6eyJpZF9yb2wiOjIsImlkX3VzdWFyaW8iOjIxLCJub21icmVfcm9sIjoiU2VjcmV0YXJpYSBwcmVlc2NvbGFyIn19fQ.BuEHWssj_NuGCNHEfVI2sfUA4ZzR9m6Qc_yS-j9vt5E	2025-02-28 00:13:54.908349	2025-02-28 00:13:50
91	eyJ0eXAiOiJKV1QiLCJhbGciOiJIUzI1NiJ9.eyJleHAiOjE3NDA3MjY4MzksImRhdGEiOnsidXNlciI6eyJpZF9yb2wiOjQsImlkX3VzdWFyaW8iOjEyLCJub21icmVfcm9sIjoiU2VjcmV0YXJpYSBpbmNsdXNpdmEifX19.1vU7BAybgGIMAQ02z00KgIACjOeQXh90yJLGqUUPnWA	2025-02-28 00:16:59.745857	2025-02-28 00:13:59
92	eyJ0eXAiOiJKV1QiLCJhbGciOiJIUzI1NiJ9.eyJleHAiOjE3NDA3NTQwODMsImRhdGEiOnsidXNlciI6eyJpZF9yb2wiOjEsImlkX3VzdWFyaW8iOjE1LCJub21icmVfcm9sIjoiQWRtaW5pc3RyYWRvciJ9fX0.OCpYubsSzCjrLWa1t6IWCplyD2IRvelgcFSn7-KV8GQ	2025-02-28 07:49:17.44465	2025-02-28 07:48:03
93	eyJ0eXAiOiJKV1QiLCJhbGciOiJIUzI1NiJ9.eyJleHAiOjE3NDA3NTQxNjUsImRhdGEiOnsidXNlciI6eyJpZF9yb2wiOjEsImlkX3VzdWFyaW8iOjE1LCJub21icmVfcm9sIjoiQWRtaW5pc3RyYWRvciJ9fX0.3cPZ89XmKy1KS87zmWO2l2y_IbsPqHYihx5HpUUGbCY	2025-02-28 07:49:29.568363	2025-02-28 07:49:25
94	eyJ0eXAiOiJKV1QiLCJhbGciOiJIUzI1NiJ9.eyJleHAiOjE3NDA3NTQxNzMsImRhdGEiOnsidXNlciI6eyJpZF9yb2wiOjIsImlkX3VzdWFyaW8iOjIxLCJub21icmVfcm9sIjoiU2VjcmV0YXJpYSBwcmVlc2NvbGFyIn19fQ.NOj4YjCAD55m1pWAER9_EWt-3-SJDIXYauZ_onAr5Dc	2025-02-28 07:49:39.322124	2025-02-28 07:49:33
95	eyJ0eXAiOiJKV1QiLCJhbGciOiJIUzI1NiJ9.eyJleHAiOjE3NDA3NTQxODQsImRhdGEiOnsidXNlciI6eyJpZF9yb2wiOjEsImlkX3VzdWFyaW8iOjE1LCJub21icmVfcm9sIjoiQWRtaW5pc3RyYWRvciJ9fX0.qd-uhCKQEug882ZftTU1rvU779fUAEvQ0T18PEgYErY	2025-02-28 07:50:56.970688	2025-02-28 07:49:44
96	eyJ0eXAiOiJKV1QiLCJhbGciOiJIUzI1NiJ9.eyJleHAiOjE3NDA3NTQyNzYsImRhdGEiOnsidXNlciI6eyJpZF9yb2wiOjEsImlkX3VzdWFyaW8iOjE1LCJub21icmVfcm9sIjoiQWRtaW5pc3RyYWRvciJ9fX0.k2Bixb1SRmZovwauN9_ZkOaAtHooAPNkFrNmnMi74Rk	2025-02-28 07:51:33.066115	2025-02-28 07:51:16
97	eyJ0eXAiOiJKV1QiLCJhbGciOiJIUzI1NiJ9.eyJleHAiOjE3NDA3NTQzMDMsImRhdGEiOnsidXNlciI6eyJpZF9yb2wiOjIsImlkX3VzdWFyaW8iOjIxLCJub21icmVfcm9sIjoiU2VjcmV0YXJpYSBwcmVlc2NvbGFyIn19fQ.I_ExJWOi3lQSnO0zA427C1CHlYh0_eo_MrowMAc7Vhg	2025-02-28 07:54:47.046184	2025-02-28 07:51:43
98	eyJ0eXAiOiJKV1QiLCJhbGciOiJIUzI1NiJ9.eyJleHAiOjE3NDA3NTQ2MjcsImRhdGEiOnsidXNlciI6eyJpZF9yb2wiOjEsImlkX3VzdWFyaW8iOjE1LCJub21icmVfcm9sIjoiQWRtaW5pc3RyYWRvciJ9fX0.YsDzCYjm8pIv929A98gkbNFkhjO_9WW5sbVOAEbaCJI	2025-02-28 08:16:40.069942	2025-02-28 07:57:07
99	eyJ0eXAiOiJKV1QiLCJhbGciOiJIUzI1NiJ9.eyJleHAiOjE3NDA3NjQxMzEsImRhdGEiOnsidXNlciI6eyJpZF9yb2wiOjEsImlkX3VzdWFyaW8iOjE1LCJub21icmVfcm9sIjoiQWRtaW5pc3RyYWRvciJ9fX0.Dcn81Q6oi_DsZHDqu-Bk1ENW31930NcA8RdSX-UKgWg	2025-02-28 10:39:10.39425	2025-02-28 10:35:31
100	eyJ0eXAiOiJKV1QiLCJhbGciOiJIUzI1NiJ9.eyJleHAiOjE3NDA3NjQ2OTIsImRhdGEiOnsidXNlciI6eyJpZF9yb2wiOjEsImlkX3VzdWFyaW8iOjE1LCJub21icmVfcm9sIjoiQWRtaW5pc3RyYWRvciJ9fX0.TREogo-zhlUNjdySdAENHotFTe2KbsdXmjjk_J09BLw	2025-02-28 11:03:01.75018	2025-02-28 10:44:52
101	eyJ0eXAiOiJKV1QiLCJhbGciOiJIUzI1NiJ9.eyJleHAiOjE3NDA3NjYxNjIsImRhdGEiOnsidXNlciI6eyJpZF9yb2wiOjEsImlkX3VzdWFyaW8iOjE1LCJub21icmVfcm9sIjoiQWRtaW5pc3RyYWRvciJ9fX0.lEwmKA2odgHaVFsZxcJ5OYrSKKd3KSoZJE_mY9ZnUXM	2025-02-28 11:09:41.604032	2025-02-28 11:09:22
102	eyJ0eXAiOiJKV1QiLCJhbGciOiJIUzI1NiJ9.eyJleHAiOjE3NDA3NjY0MzcsImRhdGEiOnsidXNlciI6eyJpZF9yb2wiOjEsImlkX3VzdWFyaW8iOjE1LCJub21icmVfcm9sIjoiQWRtaW5pc3RyYWRvciJ9fX0.KHKIMuldbnxgrOLvtAMi58DJR3pXFl9dPATZwFriluk	2025-02-28 11:14:03.544867	2025-02-28 11:13:57
103	eyJ0eXAiOiJKV1QiLCJhbGciOiJIUzI1NiJ9.eyJleHAiOjE3NDA3NjY1MjQsImRhdGEiOnsidXNlciI6eyJpZF9yb2wiOjEsImlkX3VzdWFyaW8iOjE1LCJub21icmVfcm9sIjoiQWRtaW5pc3RyYWRvciJ9fX0.vevF786LC7sRTj15Qy5VOSrdMpGIMGYHAy7_c5koFdI	2025-02-28 11:24:31.236867	2025-02-28 11:15:24
104	eyJ0eXAiOiJKV1QiLCJhbGciOiJIUzI1NiJ9.eyJleHAiOjE3NDA3NjcyODUsImRhdGEiOnsidXNlciI6eyJpZF9yb2wiOjEsImlkX3VzdWFyaW8iOjE1LCJub21icmVfcm9sIjoiQWRtaW5pc3RyYWRvciJ9fX0.drJrE2puJsM9vX9HyylWrLJM2UEIAgaziZaIk20TD88	2025-02-28 11:56:06.567878	2025-02-28 11:28:05
105	eyJ0eXAiOiJKV1QiLCJhbGciOiJIUzI1NiJ9.eyJleHAiOjE3NDA4ODk1MDMsImRhdGEiOnsidXNlciI6eyJpZF9yb2wiOjEsImlkX3VzdWFyaW8iOjE1LCJub21icmVfcm9sIjoiQWRtaW5pc3RyYWRvciJ9fX0.1nZa2-mXON-dGDikHbDRzt78hnxMJlrt0EnuRJ8xHgA	2025-03-01 21:43:45.668734	2025-03-01 21:25:03
106	eyJ0eXAiOiJKV1QiLCJhbGciOiJIUzI1NiJ9.eyJleHAiOjE3NDE0ODIwNTQsImRhdGEiOnsidXNlciI6eyJpZF9yb2wiOjEsImlkX3VzdWFyaW8iOjE1LCJub21icmVfcm9sIjoiQWRtaW5pc3RyYWRvciJ9fX0.AKX-528dsEJAFVdM-Kqg3oVFbAyUSauRZjy0VY6kN4Y	2025-03-08 18:06:25.623601	2025-03-08 18:00:54
107	eyJ0eXAiOiJKV1QiLCJhbGciOiJIUzI1NiJ9.eyJleHAiOjE3NDE0ODIzOTYsImRhdGEiOnsidXNlciI6eyJpZF9yb2wiOjEsImlkX3VzdWFyaW8iOjE1LCJub21icmVfcm9sIjoiQWRtaW5pc3RyYWRvciJ9fX0.dQ_iib8MJEnkdinhi-uEnjDFnOklEpEMStO8VuHqm18	2025-03-08 18:06:45.911094	2025-03-08 18:06:36
108	eyJ0eXAiOiJKV1QiLCJhbGciOiJIUzI1NiJ9.eyJleHAiOjE3NDE0ODI0MTQsImRhdGEiOnsidXNlciI6eyJpZF9yb2wiOjEsImlkX3VzdWFyaW8iOjE1LCJub21icmVfcm9sIjoiQWRtaW5pc3RyYWRvciJ9fX0.dPPqHDOgUwXINnNqEO68A98iPJM9EnqN9ovTyELXO-Q	2025-03-08 18:07:29.316982	2025-03-08 18:06:54
109	eyJ0eXAiOiJKV1QiLCJhbGciOiJIUzI1NiJ9.eyJleHAiOjE3NDE0ODI0NTIsImRhdGEiOnsidXNlciI6eyJpZF9yb2wiOjQsImlkX3VzdWFyaW8iOjI1LCJub21icmVfcm9sIjoiU2VjcmV0YXJpYSBpbmNsdXNpdmEifX19.768vkDyTOYBsVE0UWfXxWXUDMZLeY9zY6zWvrIyl0n0	2025-03-08 18:07:50.402031	2025-03-08 18:07:32
110	eyJ0eXAiOiJKV1QiLCJhbGciOiJIUzI1NiJ9.eyJleHAiOjE3NDE0ODI0NzQsImRhdGEiOnsidXNlciI6eyJpZF9yb2wiOjIsImlkX3VzdWFyaW8iOjIzLCJub21icmVfcm9sIjoiU2VjcmV0YXJpYSBwcmVlc2NvbGFyIn19fQ.fSYZsUjNmhNxBuz0dCSSo501AwCYOZOcNXYmQRl0bqQ	2025-03-08 18:08:03.681139	2025-03-08 18:07:54
111	eyJ0eXAiOiJKV1QiLCJhbGciOiJIUzI1NiJ9.eyJleHAiOjE3NDE0ODI0ODcsImRhdGEiOnsidXNlciI6eyJpZF9yb2wiOjMsImlkX3VzdWFyaW8iOjI0LCJub21icmVfcm9sIjoiU2VjcmV0YXJpYSBwcmltYXJpYSJ9fX0.Q68rUv36CevQVeznXztZgxEEnGyRNimrKmQcU8SBKQ0	2025-03-08 18:08:15.549687	2025-03-08 18:08:07
112	eyJ0eXAiOiJKV1QiLCJhbGciOiJIUzI1NiJ9.eyJleHAiOjE3NDE0ODYzMDMsImRhdGEiOnsidXNlciI6eyJpZF9yb2wiOjEsImlkX3VzdWFyaW8iOjE1LCJub21icmVfcm9sIjoiQWRtaW5pc3RyYWRvciJ9fX0.zkeBtJTra21U9H3QNvEkq8EuwwVpxGir03A1Ap9MISk	2025-03-08 19:30:52.442327	2025-03-08 19:11:43
113	eyJ0eXAiOiJKV1QiLCJhbGciOiJIUzI1NiJ9.eyJleHAiOjE3NDE0ODc0NTcsImRhdGEiOnsidXNlciI6eyJpZF9yb2wiOjIsImlkX3VzdWFyaW8iOjIzLCJub21icmVfcm9sIjoiU2VjcmV0YXJpYSBwcmVlc2NvbGFyIn19fQ.AcNxIWNoiHmRSyM3533HB013MMMY2xUeV71gRHi1KUE	2025-03-08 19:31:16.249146	2025-03-08 19:30:57
114	eyJ0eXAiOiJKV1QiLCJhbGciOiJIUzI1NiJ9.eyJleHAiOjE3NDE0ODc0ODQsImRhdGEiOnsidXNlciI6eyJpZF9yb2wiOjMsImlkX3VzdWFyaW8iOjI0LCJub21icmVfcm9sIjoiU2VjcmV0YXJpYSBwcmltYXJpYSJ9fX0.zXCYoZECaX9iJrvT-EX0Yce4nayBQDfZIHEa7jGLnl8	2025-03-08 19:31:38.086079	2025-03-08 19:31:24
115	eyJ0eXAiOiJKV1QiLCJhbGciOiJIUzI1NiJ9.eyJleHAiOjE3NDE0ODc1MDAsImRhdGEiOnsidXNlciI6eyJpZF9yb2wiOjEsImlkX3VzdWFyaW8iOjE1LCJub21icmVfcm9sIjoiQWRtaW5pc3RyYWRvciJ9fX0.64pQHCndpFcxUEUQSBoEdMm79wtRhMGCyY4kMQgwOiA	2025-03-08 19:42:29.951305	2025-03-08 19:31:40
116	eyJ0eXAiOiJKV1QiLCJhbGciOiJIUzI1NiJ9.eyJleHAiOjE3NDE0ODgxNTMsImRhdGEiOnsidXNlciI6eyJpZF9yb2wiOjMsImlkX3VzdWFyaW8iOjI0LCJub21icmVfcm9sIjoiU2VjcmV0YXJpYSBwcmltYXJpYSJ9fX0.H0robhSZjcjgrXcOIAGDRvIiSFvTrNrkU3I_gLDEALg	2025-03-08 19:43:23.205811	2025-03-08 19:42:33
117	eyJ0eXAiOiJKV1QiLCJhbGciOiJIUzI1NiJ9.eyJleHAiOjE3NDE0ODgyMDYsImRhdGEiOnsidXNlciI6eyJpZF9yb2wiOjEsImlkX3VzdWFyaW8iOjE1LCJub21icmVfcm9sIjoiQWRtaW5pc3RyYWRvciJ9fX0.qRWLumZ1OSuomo8y_zZMi2ne0OKOS08RUBxM87-TrN4	2025-03-08 20:08:24.256408	2025-03-08 19:43:26
118	eyJ0eXAiOiJKV1QiLCJhbGciOiJIUzI1NiJ9.eyJleHAiOjE3NDE0ODk3MTYsImRhdGEiOnsidXNlciI6eyJpZF9yb2wiOjIsImlkX3VzdWFyaW8iOjIzLCJub21icmVfcm9sIjoiU2VjcmV0YXJpYSBwcmVlc2NvbGFyIn19fQ.pgVsbUw1m7Dm4i2aY6WkrainLQpSQyAruUxNJ8436qQ	2025-03-08 20:08:52.351854	2025-03-08 20:08:36
119	eyJ0eXAiOiJKV1QiLCJhbGciOiJIUzI1NiJ9.eyJleHAiOjE3NDE0ODk3MzYsImRhdGEiOnsidXNlciI6eyJpZF9yb2wiOjMsImlkX3VzdWFyaW8iOjI0LCJub21icmVfcm9sIjoiU2VjcmV0YXJpYSBwcmltYXJpYSJ9fX0.04bDS_3oeWF7ePnlI6cLZ105pBBjLM9BTUEdPMoFm-Q	2025-03-08 20:09:12.570319	2025-03-08 20:08:56
120	eyJ0eXAiOiJKV1QiLCJhbGciOiJIUzI1NiJ9.eyJleHAiOjE3NDE0ODk3NTYsImRhdGEiOnsidXNlciI6eyJpZF9yb2wiOjQsImlkX3VzdWFyaW8iOjI1LCJub21icmVfcm9sIjoiU2VjcmV0YXJpYSBpbmNsdXNpdmEifX19.-EDG-JnnKRl2nKkUC52IRp0fFw1K5lgYXP0t2MxK590	2025-03-08 20:09:34.603022	2025-03-08 20:09:16
121	eyJ0eXAiOiJKV1QiLCJhbGciOiJIUzI1NiJ9.eyJleHAiOjE3NDE0ODk3NzgsImRhdGEiOnsidXNlciI6eyJpZF9yb2wiOjEsImlkX3VzdWFyaW8iOjE1LCJub21icmVfcm9sIjoiQWRtaW5pc3RyYWRvciJ9fX0.c9oIO9zhnDhKiMwRF16a1HBpRcVChzMUUT7pbpjq2Rc	2025-03-08 20:19:19.323869	2025-03-08 20:09:38
122	eyJ0eXAiOiJKV1QiLCJhbGciOiJIUzI1NiJ9.eyJleHAiOjE3NDE0OTAzNjQsImRhdGEiOnsidXNlciI6eyJpZF9yb2wiOjIsImlkX3VzdWFyaW8iOjIzLCJub21icmVfcm9sIjoiU2VjcmV0YXJpYSBwcmVlc2NvbGFyIn19fQ.eIEBqAr2jv_efdADfdRhlN7VqP49m_De6Ki_7Tm8FPg	2025-03-08 20:19:33.017738	2025-03-08 20:19:24
123	eyJ0eXAiOiJKV1QiLCJhbGciOiJIUzI1NiJ9.eyJleHAiOjE3NDE0OTAzNzYsImRhdGEiOnsidXNlciI6eyJpZF9yb2wiOjMsImlkX3VzdWFyaW8iOjI0LCJub21icmVfcm9sIjoiU2VjcmV0YXJpYSBwcmltYXJpYSJ9fX0.VWCXoH6PTPucUeneVZhq0AvbJBCVjE0OWP3Mc-fO8eA	2025-03-08 20:19:58.478099	2025-03-08 20:19:36
124	eyJ0eXAiOiJKV1QiLCJhbGciOiJIUzI1NiJ9.eyJleHAiOjE3NDE0OTA0MDMsImRhdGEiOnsidXNlciI6eyJpZF9yb2wiOjQsImlkX3VzdWFyaW8iOjI1LCJub21icmVfcm9sIjoiU2VjcmV0YXJpYSBpbmNsdXNpdmEifX19.-w68otaCnoafa-JXca2ecpMWfO7JGc6Cg8MVdswMzns	2025-03-08 20:21:13.296868	2025-03-08 20:20:03
125	eyJ0eXAiOiJKV1QiLCJhbGciOiJIUzI1NiJ9.eyJleHAiOjE3NDE0OTQ0ODgsImRhdGEiOnsidXNlciI6eyJpZF9yb2wiOjEsImlkX3VzdWFyaW8iOjE1LCJub21icmVfcm9sIjoiQWRtaW5pc3RyYWRvciJ9fX0.5pvExaKfGCGMXjtLxXSFJmA1Iq0dc0aoEWTpClCAkHQ	2025-03-08 21:28:19.019296	2025-03-08 21:28:08
126	eyJ0eXAiOiJKV1QiLCJhbGciOiJIUzI1NiJ9.eyJleHAiOjE3NDE0OTQ1MDIsImRhdGEiOnsidXNlciI6eyJpZF9yb2wiOjMsImlkX3VzdWFyaW8iOjI0LCJub21icmVfcm9sIjoiU2VjcmV0YXJpYSBwcmltYXJpYSJ9fX0.LUSWFvVnEcf1slY-B2ID4cVqVzK8efVtzi2fSwr1FgI	2025-03-08 21:29:42.15802	2025-03-08 21:28:22
127	eyJ0eXAiOiJKV1QiLCJhbGciOiJIUzI1NiJ9.eyJleHAiOjE3NDE0OTQ1ODYsImRhdGEiOnsidXNlciI6eyJpZF9yb2wiOjEsImlkX3VzdWFyaW8iOjE1LCJub21icmVfcm9sIjoiQWRtaW5pc3RyYWRvciJ9fX0.AZvRfnHFd3QFG9qlLG0lMDLNm1oBZOx2Xb2qa7UM-nA	2025-03-08 21:39:35.486814	2025-03-08 21:29:46
128	eyJ0eXAiOiJKV1QiLCJhbGciOiJIUzI1NiJ9.eyJleHAiOjE3NDE0OTUxNzksImRhdGEiOnsidXNlciI6eyJpZF9yb2wiOjMsImlkX3VzdWFyaW8iOjI0LCJub21icmVfcm9sIjoiU2VjcmV0YXJpYSBwcmltYXJpYSJ9fX0.uzZ733WkUwqg6P8WGXCz80kNRfOhMHC0HCv6RQDjX3Y	2025-03-08 22:05:30.578142	2025-03-08 21:39:39
129	eyJ0eXAiOiJKV1QiLCJhbGciOiJIUzI1NiJ9.eyJleHAiOjE3NDE1MDA4NDAsImRhdGEiOnsidXNlciI6eyJpZF9yb2wiOjEsImlkX3VzdWFyaW8iOjE1LCJub21icmVfcm9sIjoiQWRtaW5pc3RyYWRvciJ9fX0.gxPc0jz4FwhJX9EQoX2I5YZOgjYgACa3FK5c7fBO4yY	2025-03-08 23:16:00.270314	2025-03-08 23:14:00
130	eyJ0eXAiOiJKV1QiLCJhbGciOiJIUzI1NiJ9.eyJleHAiOjE3NDE1MDA5NjQsImRhdGEiOnsidXNlciI6eyJpZF9yb2wiOjIsImlkX3VzdWFyaW8iOjIzLCJub21icmVfcm9sIjoiU2VjcmV0YXJpYSBwcmVlc2NvbGFyIn19fQ.ioCHC88KhCw13d8blVTZPuouLkddVNNPNy2Kd6dK7bI	2025-03-08 23:17:16.213132	2025-03-08 23:16:04
131	eyJ0eXAiOiJKV1QiLCJhbGciOiJIUzI1NiJ9.eyJleHAiOjE3NDE1MDEwMzksImRhdGEiOnsidXNlciI6eyJpZF9yb2wiOjMsImlkX3VzdWFyaW8iOjI0LCJub21icmVfcm9sIjoiU2VjcmV0YXJpYSBwcmltYXJpYSJ9fX0.R9DHUGUQPZWHSxG9MU2JkKB_8W6mIDz1b-FZ7aODlbM	2025-03-08 23:18:28.613692	2025-03-08 23:17:19
132	eyJ0eXAiOiJKV1QiLCJhbGciOiJIUzI1NiJ9.eyJleHAiOjE3NDE1MDExMTIsImRhdGEiOnsidXNlciI6eyJpZF9yb2wiOjQsImlkX3VzdWFyaW8iOjI1LCJub21icmVfcm9sIjoiU2VjcmV0YXJpYSBpbmNsdXNpdmEifX19.CRFGo4WH2_Z3_dE2eD2IZxpB0z1NWxbtxC1iKSRh55o	2025-03-08 23:23:48.702329	2025-03-08 23:18:32
133	eyJ0eXAiOiJKV1QiLCJhbGciOiJIUzI1NiJ9.eyJleHAiOjE3NDI2OTU3NjUsImRhdGEiOnsidXNlciI6eyJpZF9yb2wiOjEsImlkX3VzdWFyaW8iOjE1LCJub21icmVfcm9sIjoiQWRtaW5pc3RyYWRvciJ9fX0.-cBpZ_zP3lzrPqBMKIDBYBIby4DEi7FQmX4eNnP0onQ	2025-03-22 19:09:42.207898	2025-03-22 19:09:25
134	eyJ0eXAiOiJKV1QiLCJhbGciOiJIUzI1NiJ9.eyJleHAiOjE3NDI3MDY4NzUsImRhdGEiOnsidXNlciI6eyJpZF9yb2wiOjEsImlkX3VzdWFyaW8iOjE1LCJub21icmVfcm9sIjoiQWRtaW5pc3RyYWRvciJ9fX0.GNFPBcOlhUvOl2ae_dg0em7zDZt1wSZ2RxZV_z-aOtU	2025-03-22 22:23:09.379653	2025-03-22 22:14:35
167	eyJ0eXAiOiJKV1QiLCJhbGciOiJIUzI1NiJ9.eyJleHAiOjE3NDI3MDczOTUsImRhdGEiOnsidXNlciI6eyJpZF9yb2wiOjEsImlkX3VzdWFyaW8iOjE1LCJub21icmVfcm9sIjoiQWRtaW5pc3RyYWRvciJ9fX0.fBMMYRaY9_E59JrvA9m7fXvgudU72HSqHr9NrwfWsS8	2025-03-22 23:22:00.271769	2025-03-22 22:23:15
168	eyJ0eXAiOiJKV1QiLCJhbGciOiJIUzI1NiJ9.eyJleHAiOjE3NDI3MTA5MjQsImRhdGEiOnsidXNlciI6eyJpZF9yb2wiOjEsImlkX3VzdWFyaW8iOjE1LCJub21icmVfcm9sIjoiQWRtaW5pc3RyYWRvciJ9fX0.XdhQ1k5UnMegoiBqU7v9uzPWvvoUkB8wCrGvutLdlDY	2025-03-22 23:37:11.066645	2025-03-22 23:22:04
169	eyJ0eXAiOiJKV1QiLCJhbGciOiJIUzI1NiJ9.eyJleHAiOjE3NDI3MTE4MzUsImRhdGEiOnsidXNlciI6eyJpZF9yb2wiOjIsImlkX3VzdWFyaW8iOjIzLCJub21icmVfcm9sIjoiU2VjcmV0YXJpYSBwcmVlc2NvbGFyIn19fQ.uiOtJia2-XxJfd3bVGC3e1xpDjMLNVrK_yEvVz6jai8	2025-03-22 23:37:37.448531	2025-03-22 23:37:15
170	eyJ0eXAiOiJKV1QiLCJhbGciOiJIUzI1NiJ9.eyJleHAiOjE3NDI3MTE4NjIsImRhdGEiOnsidXNlciI6eyJpZF9yb2wiOjMsImlkX3VzdWFyaW8iOjI0LCJub21icmVfcm9sIjoiU2VjcmV0YXJpYSBwcmltYXJpYSJ9fX0.LFPfJBc2g77ig-1PUgblxVVDB6RqmWSvCYRKJILGb44	2025-03-22 23:40:22.933254	2025-03-22 23:37:42
171	eyJ0eXAiOiJKV1QiLCJhbGciOiJIUzI1NiJ9.eyJleHAiOjE3NDI3MTIwMzcsImRhdGEiOnsidXNlciI6eyJpZF9yb2wiOjEsImlkX3VzdWFyaW8iOjE1LCJub21icmVfcm9sIjoiQWRtaW5pc3RyYWRvciJ9fX0.d9jAUGUtl-jcl8WzW5dE60lmkl4exqhU084CL6VrTGU	2025-03-22 23:40:59.881747	2025-03-22 23:40:37
172	eyJ0eXAiOiJKV1QiLCJhbGciOiJIUzI1NiJ9.eyJleHAiOjE3NDI3MTIwNjUsImRhdGEiOnsidXNlciI6eyJpZF9yb2wiOjQsImlkX3VzdWFyaW8iOjI1LCJub21icmVfcm9sIjoiU2VjcmV0YXJpYSBpbmNsdXNpdmEifX19.v-vq_6vaJxT55ZbBKyCNsgR9APgscYTUuYpGx59a3wk	2025-03-23 00:13:17.655222	2025-03-22 23:41:05
173	eyJ0eXAiOiJKV1QiLCJhbGciOiJIUzI1NiJ9.eyJleHAiOjE3NDI3MTQwMzgsImRhdGEiOnsidXNlciI6eyJpZF9yb2wiOjEsImlkX3VzdWFyaW8iOjE1LCJub21icmVfcm9sIjoiQWRtaW5pc3RyYWRvciJ9fX0.PHczdml-tjjpix4Gs9tRFg8jkIB9iQ23P3VZjKKewHI	2025-03-23 00:17:10.451142	2025-03-23 00:13:58
174	eyJ0eXAiOiJKV1QiLCJhbGciOiJIUzI1NiJ9.eyJleHAiOjE3NDI3MTQyMzQsImRhdGEiOnsidXNlciI6eyJpZF9yb2wiOjIsImlkX3VzdWFyaW8iOjIzLCJub21icmVfcm9sIjoiU2VjcmV0YXJpYSBwcmVlc2NvbGFyIn19fQ._E6B0DfswlBVESZMwCrRWzjhEwqSP11HM8wxX3k51rs	2025-03-23 00:17:58.533576	2025-03-23 00:17:14
175	eyJ0eXAiOiJKV1QiLCJhbGciOiJIUzI1NiJ9.eyJleHAiOjE3NDI3MTQyODIsImRhdGEiOnsidXNlciI6eyJpZF9yb2wiOjMsImlkX3VzdWFyaW8iOjI0LCJub21icmVfcm9sIjoiU2VjcmV0YXJpYSBwcmltYXJpYSJ9fX0.TWNtpZUYvD93hX9W_OQFA6jzoniSAmAZJq2xcRln9dM	2025-03-23 00:19:08.072309	2025-03-23 00:18:02
176	eyJ0eXAiOiJKV1QiLCJhbGciOiJIUzI1NiJ9.eyJleHAiOjE3NDI3MTQzNTIsImRhdGEiOnsidXNlciI6eyJpZF9yb2wiOjQsImlkX3VzdWFyaW8iOjI1LCJub21icmVfcm9sIjoiU2VjcmV0YXJpYSBpbmNsdXNpdmEifX19.wD-cYf0_z36BSOhHHJsLeA_nNNsCqM8b15YFc7CdHxE	2025-03-23 00:24:42.77789	2025-03-23 00:19:12
177	eyJ0eXAiOiJKV1QiLCJhbGciOiJIUzI1NiJ9.eyJleHAiOjE3NDI3MTk1OTcsImRhdGEiOnsidXNlciI6eyJpZF9yb2wiOjEsImlkX3VzdWFyaW8iOjE1LCJub21icmVfcm9sIjoiQWRtaW5pc3RyYWRvciJ9fX0.MW_5rVpxvcSwIByUCeqw-zAYM5XcZ1ByB1G2vCR7aMU	2025-03-23 01:48:29.554612	2025-03-23 01:46:37
178	eyJ0eXAiOiJKV1QiLCJhbGciOiJIUzI1NiJ9.eyJleHAiOjE3NDI3MTk3MTMsImRhdGEiOnsidXNlciI6eyJpZF9yb2wiOjIsImlkX3VzdWFyaW8iOjIzLCJub21icmVfcm9sIjoiU2VjcmV0YXJpYSBwcmVlc2NvbGFyIn19fQ.K071evar6nNnaSmylJ5FIFOJAo6MmsTJZ3iOXbmCrXQ	2025-03-23 01:49:40.028138	2025-03-23 01:48:33
179	eyJ0eXAiOiJKV1QiLCJhbGciOiJIUzI1NiJ9.eyJleHAiOjE3NDI3MTk3ODMsImRhdGEiOnsidXNlciI6eyJpZF9yb2wiOjMsImlkX3VzdWFyaW8iOjI0LCJub21icmVfcm9sIjoiU2VjcmV0YXJpYSBwcmltYXJpYSJ9fX0.svdPGAAM0_zbZqHKPTI18F6Im284ruQp6pSlrUIX0Ec	2025-03-23 01:51:07.833086	2025-03-23 01:49:43
180	eyJ0eXAiOiJKV1QiLCJhbGciOiJIUzI1NiJ9.eyJleHAiOjE3NDQ1MDU1MjIsImRhdGEiOnsidXNlciI6eyJpZF9yb2wiOjEsImlkX3VzdWFyaW8iOjE1LCJub21icmVfcm9sIjoiQWRtaW5pc3RyYWRvciJ9fX0.uF-KmHZqbg_Bb9VWPw9meWyZXAwq9tp0MfAF9FLslX8	2025-04-12 17:52:39.882351	2025-04-12 17:52:02
181	eyJ0eXAiOiJKV1QiLCJhbGciOiJIUzI1NiJ9.eyJleHAiOjE3NDQ1MDU1NjQsImRhdGEiOnsidXNlciI6eyJpZF9yb2wiOjIsImlkX3VzdWFyaW8iOjIzLCJub21icmVfcm9sIjoiU2VjcmV0YXJpYSBwcmVlc2NvbGFyIn19fQ.HrKDVa4AMtel_qTSJ8LcOef0Irm5-6bOqmnmzsfQSB4	2025-04-12 17:52:52.402831	2025-04-12 17:52:44
182	eyJ0eXAiOiJKV1QiLCJhbGciOiJIUzI1NiJ9.eyJleHAiOjE3NDQ1MDU2NDksImRhdGEiOnsidXNlciI6eyJpZF9yb2wiOjEsImlkX3VzdWFyaW8iOjE1LCJub21icmVfcm9sIjoiQWRtaW5pc3RyYWRvciJ9fX0.Bs0MkwUjxmevZUNuwnn3FeFizKRhwEoPQwVS25l03D4	2025-04-12 17:54:37.252338	2025-04-12 17:54:09
183	eyJ0eXAiOiJKV1QiLCJhbGciOiJIUzI1NiJ9.eyJleHAiOjE3NDQ1MDU2ODAsImRhdGEiOnsidXNlciI6eyJpZF9yb2wiOjEsImlkX3VzdWFyaW8iOjE1LCJub21icmVfcm9sIjoiQWRtaW5pc3RyYWRvciJ9fX0.vMhAM50E6X6qrdzH8R4uhD45LNf6dfbqCrKX19Tvvu4	2025-04-12 17:56:38.615107	2025-04-12 17:54:40
184	eyJ0eXAiOiJKV1QiLCJhbGciOiJIUzI1NiJ9.eyJleHAiOjE3NDQ1MDU4MDEsImRhdGEiOnsidXNlciI6eyJpZF9yb2wiOjIsImlkX3VzdWFyaW8iOjIzLCJub21icmVfcm9sIjoiU2VjcmV0YXJpYSBwcmVlc2NvbGFyIn19fQ.N2V4ljbrq9TlkmvBFM3A-LapPXzj-RHK9Kgsfrrwtb4	2025-04-12 17:59:10.84865	2025-04-12 17:56:41
185	eyJ0eXAiOiJKV1QiLCJhbGciOiJIUzI1NiJ9.eyJleHAiOjE3NDQ1MDU5NTQsImRhdGEiOnsidXNlciI6eyJpZF9yb2wiOjEsImlkX3VzdWFyaW8iOjE1LCJub21icmVfcm9sIjoiQWRtaW5pc3RyYWRvciJ9fX0.cpWNWlgOnvFX6r_ixwGaT8YLZ-XYFMYhMnq1DdxRqJQ	2025-04-12 18:14:37.30454	2025-04-12 17:59:14
186	eyJ0eXAiOiJKV1QiLCJhbGciOiJIUzI1NiJ9.eyJleHAiOjE3NDQ1MDY4ODAsImRhdGEiOnsidXNlciI6eyJpZF9yb2wiOjIsImlkX3VzdWFyaW8iOjIzLCJub21icmVfcm9sIjoiU2VjcmV0YXJpYSBwcmVlc2NvbGFyIn19fQ.Y2AgWceXRsASazaoikm-sIsY1pTOq6t1F8Ejemly5gg	2025-04-12 18:14:59.713031	2025-04-12 18:14:40
187	eyJ0eXAiOiJKV1QiLCJhbGciOiJIUzI1NiJ9.eyJleHAiOjE3NDQ1MDY5MjcsImRhdGEiOnsidXNlciI6eyJpZF9yb2wiOjEsImlkX3VzdWFyaW8iOjE1LCJub21icmVfcm9sIjoiQWRtaW5pc3RyYWRvciJ9fX0.L_BzF8eTQN7Yl7kH2yyaYJm5GMKnY03WQIJXt3dwaho	2025-04-12 18:15:49.425956	2025-04-12 18:15:27
188	eyJ0eXAiOiJKV1QiLCJhbGciOiJIUzI1NiJ9.eyJleHAiOjE3NDQ1MDY5NTksImRhdGEiOnsidXNlciI6eyJpZF9yb2wiOjIsImlkX3VzdWFyaW8iOjIzLCJub21icmVfcm9sIjoiU2VjcmV0YXJpYSBwcmVlc2NvbGFyIn19fQ.wxOWFCCmZLiRD-Fr9mSzAc7-JliP78D1npjF3AzVIDk	2025-04-12 18:16:54.677734	2025-04-12 18:15:59
189	eyJ0eXAiOiJKV1QiLCJhbGciOiJIUzI1NiJ9.eyJleHAiOjE3NDQ1MDcwMTcsImRhdGEiOnsidXNlciI6eyJpZF9yb2wiOjEsImlkX3VzdWFyaW8iOjE1LCJub21icmVfcm9sIjoiQWRtaW5pc3RyYWRvciJ9fX0.0Qjqh_jyx76_5EmKLMqa6Tu0c33icY6cIlx_ueyQCJ0	2025-04-12 18:40:13.727103	2025-04-12 18:16:57
190	eyJ0eXAiOiJKV1QiLCJhbGciOiJIUzI1NiJ9.eyJleHAiOjE3NDQ1MDg0MzUsImRhdGEiOnsidXNlciI6eyJpZF9yb2wiOjEsImlkX3VzdWFyaW8iOjE1LCJub21icmVfcm9sIjoiQWRtaW5pc3RyYWRvciJ9fX0.lw4glFrLx0izKLmP33dsbTC6uotBGKL9430hC2gmDro	2025-04-12 18:47:16.987079	2025-04-12 18:40:35
191	eyJ0eXAiOiJKV1QiLCJhbGciOiJIUzI1NiJ9.eyJleHAiOjE3NDQ1MDg4NDUsImRhdGEiOnsidXNlciI6eyJpZF9yb2wiOjIsImlkX3VzdWFyaW8iOjIzLCJub21icmVfcm9sIjoiU2VjcmV0YXJpYSBwcmVlc2NvbGFyIn19fQ.aBc9G6TQPQJvFA67CjU-UtZihm2Q3pDquPtLy5Lm8dg	2025-04-12 18:47:50.958996	2025-04-12 18:47:25
192	eyJ0eXAiOiJKV1QiLCJhbGciOiJIUzI1NiJ9.eyJleHAiOjE3NDQ1MDg4ODMsImRhdGEiOnsidXNlciI6eyJpZF9yb2wiOjIsImlkX3VzdWFyaW8iOjIzLCJub21icmVfcm9sIjoiU2VjcmV0YXJpYSBwcmVlc2NvbGFyIn19fQ.968pZUrn_GNJcZjZPfUcCzPIx9gOPwgNL0D7SkHJp1k	2025-04-12 19:04:05.404703	2025-04-12 18:48:03
193	eyJ0eXAiOiJKV1QiLCJhbGciOiJIUzI1NiJ9.eyJleHAiOjE3NDQ1MDk4NDksImRhdGEiOnsidXNlciI6eyJpZF9yb2wiOjMsImlkX3VzdWFyaW8iOjI0LCJub21icmVfcm9sIjoiU2VjcmV0YXJpYSBwcmltYXJpYSJ9fX0.rYu4j3wq9i1GNvFq3w34Z86xrnxk-SsncGeNNbwWwk4	2025-04-12 19:04:26.505277	2025-04-12 19:04:09
194	eyJ0eXAiOiJKV1QiLCJhbGciOiJIUzI1NiJ9.eyJleHAiOjE3NDQ1MDk4NzksImRhdGEiOnsidXNlciI6eyJpZF9yb2wiOjEsImlkX3VzdWFyaW8iOjE1LCJub21icmVfcm9sIjoiQWRtaW5pc3RyYWRvciJ9fX0.L_w-v8K-gB4RXB96iF03mKnZC7qh9lDOI-ztLUQeJJw	2025-04-12 19:04:52.889628	2025-04-12 19:04:39
195	eyJ0eXAiOiJKV1QiLCJhbGciOiJIUzI1NiJ9.eyJleHAiOjE3NDQ1MDk4OTcsImRhdGEiOnsidXNlciI6eyJpZF9yb2wiOjQsImlkX3VzdWFyaW8iOjI1LCJub21icmVfcm9sIjoiU2VjcmV0YXJpYSBpbmNsdXNpdmEifX19.nCxIgoR84tIp4nJSPZIISq3fiRXT2rpFztQ9Gd1E33I	2025-04-12 19:05:25.302108	2025-04-12 19:04:57
196	eyJ0eXAiOiJKV1QiLCJhbGciOiJIUzI1NiJ9.eyJleHAiOjE3NDQ1OTcwMjAsImRhdGEiOnsidXNlciI6eyJpZF9yb2wiOjEsImlkX3VzdWFyaW8iOjE1LCJub21icmVfcm9sIjoiQWRtaW5pc3RyYWRvciJ9fX0.nL1hfVd4iSCzA4pK1NZUv5L5UInpTTM2hxCvzLtTjiQ	2025-04-13 19:34:07.606646	2025-04-13 19:17:00
197	eyJ0eXAiOiJKV1QiLCJhbGciOiJIUzI1NiJ9.eyJleHAiOjE3NDQ1OTgwNTAsImRhdGEiOnsidXNlciI6eyJpZF9yb2wiOjIsImlkX3VzdWFyaW8iOjIzLCJub21icmVfcm9sIjoiU2VjcmV0YXJpYSBwcmVlc2NvbGFyIn19fQ.vifSPNlD4yJhFqWNxCMSz4jBGhhgTwOd6uC6vVobgUw	2025-04-13 19:34:17.191665	2025-04-13 19:34:10
198	eyJ0eXAiOiJKV1QiLCJhbGciOiJIUzI1NiJ9.eyJleHAiOjE3NDQ2MDE5MjQsImRhdGEiOnsidXNlciI6eyJpZF9yb2wiOjIsImlkX3VzdWFyaW8iOjIzLCJub21icmVfcm9sIjoiU2VjcmV0YXJpYSBwcmVlc2NvbGFyIn19fQ._bGnnU7J95igMveBMAok_D38qHHecxX0W6HaLxQfBTY	2025-04-13 20:38:54.831071	2025-04-13 20:38:44
199	eyJ0eXAiOiJKV1QiLCJhbGciOiJIUzI1NiJ9.eyJleHAiOjE3NDQ2MDE5NDEsImRhdGEiOnsidXNlciI6eyJpZF9yb2wiOjIsImlkX3VzdWFyaW8iOjIzLCJub21icmVfcm9sIjoiU2VjcmV0YXJpYSBwcmVlc2NvbGFyIn19fQ.p1-5ME2s37N1AGm4Z5WfhplUTvXydOAhCLoVnJ5_ypY	2025-04-13 20:39:06.169944	2025-04-13 20:39:01
200	eyJ0eXAiOiJKV1QiLCJhbGciOiJIUzI1NiJ9.eyJleHAiOjE3NDQ2MDE5NTAsImRhdGEiOnsidXNlciI6eyJpZF9yb2wiOjMsImlkX3VzdWFyaW8iOjI0LCJub21icmVfcm9sIjoiU2VjcmV0YXJpYSBwcmltYXJpYSJ9fX0.g5pJ58yb9_ZdswVWe71crQHFVi3EgtxluFzv_yCT6O8	2025-04-13 20:39:23.977102	2025-04-13 20:39:10
201	eyJ0eXAiOiJKV1QiLCJhbGciOiJIUzI1NiJ9.eyJleHAiOjE3NDQ2MDE5NjgsImRhdGEiOnsidXNlciI6eyJpZF9yb2wiOjQsImlkX3VzdWFyaW8iOjI1LCJub21icmVfcm9sIjoiU2VjcmV0YXJpYSBpbmNsdXNpdmEifX19.kf6wEBnQWAAL2KL489iV99EhCGpRUZGBHC5gOo9EuZY	2025-04-13 20:39:34.052021	2025-04-13 20:39:28
202	eyJ0eXAiOiJKV1QiLCJhbGciOiJIUzI1NiJ9.eyJleHAiOjE3NDQ2MDE5NzcsImRhdGEiOnsidXNlciI6eyJpZF9yb2wiOjEsImlkX3VzdWFyaW8iOjE1LCJub21icmVfcm9sIjoiQWRtaW5pc3RyYWRvciJ9fX0.hEgeIj-YuLMM4K3VsS10U2-DAi4vhbwTjTbw9JCBNr4	2025-04-13 20:42:49.814707	2025-04-13 20:39:37
203	eyJ0eXAiOiJKV1QiLCJhbGciOiJIUzI1NiJ9.eyJleHAiOjE3NDQ2MDIxNzUsImRhdGEiOnsidXNlciI6eyJpZF9yb2wiOjIsImlkX3VzdWFyaW8iOjIzLCJub21icmVfcm9sIjoiU2VjcmV0YXJpYSBwcmVlc2NvbGFyIn19fQ.KKaqPobmjyPh327ag78yMDQJMXih0yfvWuM7o1LUqqk	2025-04-13 20:42:59.90369	2025-04-13 20:42:55
204	eyJ0eXAiOiJKV1QiLCJhbGciOiJIUzI1NiJ9.eyJleHAiOjE3NDQ2MDIxODMsImRhdGEiOnsidXNlciI6eyJpZF9yb2wiOjMsImlkX3VzdWFyaW8iOjI0LCJub21icmVfcm9sIjoiU2VjcmV0YXJpYSBwcmltYXJpYSJ9fX0.So5r_4PL9u_wSiUYmvzdP8lr3aMhwkNKPKHUPGnn9Gg	2025-04-13 20:43:07.304067	2025-04-13 20:43:03
205	eyJ0eXAiOiJKV1QiLCJhbGciOiJIUzI1NiJ9.eyJleHAiOjE3NDQ2MDIxOTEsImRhdGEiOnsidXNlciI6eyJpZF9yb2wiOjQsImlkX3VzdWFyaW8iOjI1LCJub21icmVfcm9sIjoiU2VjcmV0YXJpYSBpbmNsdXNpdmEifX19.tO897uhmiFjDVzYo1_FaR_wd0R_QVQTz7GX4uqQXEXQ	2025-04-13 20:43:17.199839	2025-04-13 20:43:11
206	eyJ0eXAiOiJKV1QiLCJhbGciOiJIUzI1NiJ9.eyJleHAiOjE3NDQ2MDIyMDAsImRhdGEiOnsidXNlciI6eyJpZF9yb2wiOjEsImlkX3VzdWFyaW8iOjE1LCJub21icmVfcm9sIjoiQWRtaW5pc3RyYWRvciJ9fX0.LEw_ykd2CGi0Iv9md76glHVjopf2E3j_BgW7FIPXOr8	2025-04-13 21:23:32.797046	2025-04-13 20:43:20
207	eyJ0eXAiOiJKV1QiLCJhbGciOiJIUzI1NiJ9.eyJleHAiOjE3NDQ2MDQ2MTYsImRhdGEiOnsidXNlciI6eyJpZF9yb2wiOjIsImlkX3VzdWFyaW8iOjIzLCJub21icmVfcm9sIjoiU2VjcmV0YXJpYSBwcmVlc2NvbGFyIn19fQ.pwMXjNDT2jrieTGV7Niko30yEPMz3Nv_KFKnub6IWbc	2025-04-13 21:24:04.123427	2025-04-13 21:23:36
208	eyJ0eXAiOiJKV1QiLCJhbGciOiJIUzI1NiJ9.eyJleHAiOjE3NDQ2MDQ2NDgsImRhdGEiOnsidXNlciI6eyJpZF9yb2wiOjMsImlkX3VzdWFyaW8iOjI0LCJub21icmVfcm9sIjoiU2VjcmV0YXJpYSBwcmltYXJpYSJ9fX0.nWB47dD29Zl5NT3OodBiHinibL9gjxNjWgpAmYr3jgs	2025-04-13 21:24:23.036888	2025-04-13 21:24:08
209	eyJ0eXAiOiJKV1QiLCJhbGciOiJIUzI1NiJ9.eyJleHAiOjE3NDQ2MDQ2NjcsImRhdGEiOnsidXNlciI6eyJpZF9yb2wiOjEsImlkX3VzdWFyaW8iOjE1LCJub21icmVfcm9sIjoiQWRtaW5pc3RyYWRvciJ9fX0.g7m4tKCYtKsJUrWlwUHflfblcOl3_S8C9SJroTROOpE	2025-04-13 21:24:52.849903	2025-04-13 21:24:27
210	eyJ0eXAiOiJKV1QiLCJhbGciOiJIUzI1NiJ9.eyJleHAiOjE3NDQ2MDQ2OTYsImRhdGEiOnsidXNlciI6eyJpZF9yb2wiOjQsImlkX3VzdWFyaW8iOjI1LCJub21icmVfcm9sIjoiU2VjcmV0YXJpYSBpbmNsdXNpdmEifX19.H3T3I7GmNr84dyRvuzxmxLXyQNxxNwoMsBkA24Euzsc	2025-04-13 21:25:09.536173	2025-04-13 21:24:56
211	eyJ0eXAiOiJKV1QiLCJhbGciOiJIUzI1NiJ9.eyJleHAiOjE3NDQ2MDQ3MTMsImRhdGEiOnsidXNlciI6eyJpZF9yb2wiOjEsImlkX3VzdWFyaW8iOjE1LCJub21icmVfcm9sIjoiQWRtaW5pc3RyYWRvciJ9fX0.V6pJtbkU3tPD3xXGnaHZszkZPop_jczp7bzgDoq0Nao	2025-04-13 22:13:30.27083	2025-04-13 21:25:13
212	eyJ0eXAiOiJKV1QiLCJhbGciOiJIUzI1NiJ9.eyJleHAiOjE3NDQ2MDc2MTQsImRhdGEiOnsidXNlciI6eyJpZF9yb2wiOjIsImlkX3VzdWFyaW8iOjIzLCJub21icmVfcm9sIjoiU2VjcmV0YXJpYSBwcmVlc2NvbGFyIn19fQ.VpeZvXpd-EXEnTMGBXoZIZ6p5Il4DHWyXQqelR0ZxHY	2025-04-13 22:13:39.645747	2025-04-13 22:13:34
213	eyJ0eXAiOiJKV1QiLCJhbGciOiJIUzI1NiJ9.eyJleHAiOjE3NDQ2MDc2MjIsImRhdGEiOnsidXNlciI6eyJpZF9yb2wiOjMsImlkX3VzdWFyaW8iOjI0LCJub21icmVfcm9sIjoiU2VjcmV0YXJpYSBwcmltYXJpYSJ9fX0.DoEGaP2tvJVZ0OGFJIB-lHd9frM_qG8WhNf0riGTL7g	2025-04-13 22:13:47.464935	2025-04-13 22:13:42
214	eyJ0eXAiOiJKV1QiLCJhbGciOiJIUzI1NiJ9.eyJleHAiOjE3NDQ2MDc2MzAsImRhdGEiOnsidXNlciI6eyJpZF9yb2wiOjQsImlkX3VzdWFyaW8iOjI1LCJub21icmVfcm9sIjoiU2VjcmV0YXJpYSBpbmNsdXNpdmEifX19.THaqsT0PM8DNCr0zCL2In4FKGPHKrUQAAh25wwl62D8	2025-04-13 22:13:54.92656	2025-04-13 22:13:50
215	eyJ0eXAiOiJKV1QiLCJhbGciOiJIUzI1NiJ9.eyJleHAiOjE3NDQ2MTIzMjksImRhdGEiOnsidXNlciI6eyJpZF9yb2wiOjEsImlkX3VzdWFyaW8iOjE1LCJub21icmVfcm9sIjoiQWRtaW5pc3RyYWRvciJ9fX0.9vwtpA_cCWKKfhUsD-b_UjyuPzVHZrR4lJn9OTTGIJI	2025-04-13 23:33:58.128885	2025-04-13 23:32:09
216	eyJ0eXAiOiJKV1QiLCJhbGciOiJIUzI1NiJ9.eyJleHAiOjE3NDQ2MTI2MjgsImRhdGEiOnsidXNlciI6eyJpZF9yb2wiOjEsImlkX3VzdWFyaW8iOjE1LCJub21icmVfcm9sIjoiQWRtaW5pc3RyYWRvciJ9fX0.vguV7X8UONVyU0vYfjjADpUCd0jxcu3Tvt2EDdmx64M	2025-04-13 23:40:55.585168	2025-04-13 23:37:08
217	eyJ0eXAiOiJKV1QiLCJhbGciOiJIUzI1NiJ9.eyJleHAiOjE3NDQ2MTI5NTUsImRhdGEiOnsidXNlciI6eyJpZF9yb2wiOjEsImlkX3VzdWFyaW8iOjE1LCJub21icmVfcm9sIjoiQWRtaW5pc3RyYWRvciJ9fX0.rQweweStcNgIw0RDX05R7zDIjSRVr9rgBj1DtV3hwWA	2025-04-13 23:47:36.014948	2025-04-13 23:42:35
218	eyJ0eXAiOiJKV1QiLCJhbGciOiJIUzI1NiJ9.eyJleHAiOjE3NDQ2MTM1NzMsImRhdGEiOnsidXNlciI6eyJpZF9yb2wiOjEsImlkX3VzdWFyaW8iOjE1LCJub21icmVfcm9sIjoiQWRtaW5pc3RyYWRvciJ9fX0.tTt9nO2l4-LMOjUGaUtZ9ivva_ajbDPi2l5YZyCf3Ks	2025-04-13 23:53:03.60729	2025-04-13 23:52:53
219	eyJ0eXAiOiJKV1QiLCJhbGciOiJIUzI1NiJ9.eyJleHAiOjE3NDQ2MTM0NjMsImRhdGEiOnsidXNlciI6eyJpZF9yb2wiOjEsImlkX3VzdWFyaW8iOjE1LCJub21icmVfcm9sIjoiQWRtaW5pc3RyYWRvciJ9fX0.4FhrMfY038oCpBlHYroj3F_Ifngl1qxuS49D0pO0Ssc	2025-04-14 00:02:38.686384	2025-04-13 23:51:03
220	eyJ0eXAiOiJKV1QiLCJhbGciOiJIUzI1NiJ9.eyJleHAiOjE3NDQ2MTQxNjIsImRhdGEiOnsidXNlciI6eyJpZF9yb2wiOjIsImlkX3VzdWFyaW8iOjIzLCJub21icmVfcm9sIjoiU2VjcmV0YXJpYSBwcmVlc2NvbGFyIn19fQ.oMoqOtn7E4uArdqzxoBgV0iLpaHtsHNU9OeNWZ_NUcA	2025-04-14 00:03:17.873075	2025-04-14 00:02:42
221	eyJ0eXAiOiJKV1QiLCJhbGciOiJIUzI1NiJ9.eyJleHAiOjE3NDQ2MTQyMDEsImRhdGEiOnsidXNlciI6eyJpZF9yb2wiOjMsImlkX3VzdWFyaW8iOjI0LCJub21icmVfcm9sIjoiU2VjcmV0YXJpYSBwcmltYXJpYSJ9fX0.zBa1OtYep5Al_xi2CZjHxbiCX-hDLBb0xLuzYOytfIo	2025-04-14 00:03:48.479791	2025-04-14 00:03:21
222	eyJ0eXAiOiJKV1QiLCJhbGciOiJIUzI1NiJ9.eyJleHAiOjE3NDYwNDUxMTMsImRhdGEiOnsidXNlciI6eyJpZF9yb2wiOjEsImlkX3VzdWFyaW8iOjE1LCJub21icmVfcm9sIjoiQWRtaW5pc3RyYWRvciJ9fX0.JpHWVfQmN73Fw18RNvkkJXp7X1PtxpPkK1tgIyho-M4	2025-04-30 13:37:39.956082	2025-04-30 13:31:53
223	eyJ0eXAiOiJKV1QiLCJhbGciOiJIUzI1NiJ9.eyJleHAiOjE3NDYwNDU0NjMsImRhdGEiOnsidXNlciI6eyJpZF9yb2wiOjEsImlkX3VzdWFyaW8iOjE1LCJub21icmVfcm9sIjoiQWRtaW5pc3RyYWRvciJ9fX0.3oZvH_3Ex58eAZ3og3hShcU9A3tQ7iDlR6qEMK3MdX8	2025-04-30 13:39:14.871674	2025-04-30 13:37:43
224	eyJ0eXAiOiJKV1QiLCJhbGciOiJIUzI1NiJ9.eyJleHAiOjE3NTgwMDcxMzEsImRhdGEiOnsidXNlciI6eyJpZF9yb2wiOjEsImlkX3VzdWFyaW8iOjE1LCJub21icmVfcm9sIjoiQWRtaW5pc3RyYWRvciJ9fX0.o-eOt-eWU7hcUQRpmF6cPQ3R1gXTlJylD1Qx6R8GcMY	2025-09-16 00:44:59.774752	2025-09-16 00:18:51
225	eyJ0eXAiOiJKV1QiLCJhbGciOiJIUzI1NiJ9.eyJleHAiOjE3NTgwMDg3MDgsImRhdGEiOnsidXNlciI6eyJpZF9yb2wiOjIsImlkX3VzdWFyaW8iOjM0LCJub21icmVfcm9sIjoiQ2xpZW50ZSJ9fX0.A6y0d45fB3ZeGZXCZ2WFcwoI9n2AkKANXpsO2KCKt4A	2025-09-16 00:46:16.909003	2025-09-16 00:45:08
226	eyJ0eXAiOiJKV1QiLCJhbGciOiJIUzI1NiJ9.eyJleHAiOjE3NTgwMDg5NzksImRhdGEiOnsidXNlciI6eyJpZF9yb2wiOjIsImlkX3VzdWFyaW8iOjM0LCJub21icmVfcm9sIjoiQ2xpZW50ZSJ9fX0.xjRs2OkU7pip8CVTWpMaHbs0N1A7LUgxKXBs7yKZxRc	2025-09-16 00:51:01.269956	2025-09-16 00:49:39
227	eyJ0eXAiOiJKV1QiLCJhbGciOiJIUzI1NiJ9.eyJleHAiOjE3NTgwMDkxNzEsImRhdGEiOnsidXNlciI6eyJpZF9yb2wiOjEsImlkX3VzdWFyaW8iOjE1LCJub21icmVfcm9sIjoiQWRtaW5pc3RyYWRvciJ9fX0.Dsc5qNtLspY8WOdHVBPk8ZRJDBHtwTTnV-eFvqLCDJs	2025-09-16 00:53:11.446401	2025-09-16 00:52:51
228	eyJ0eXAiOiJKV1QiLCJhbGciOiJIUzI1NiJ9.eyJleHAiOjE3NTgwMDk3NzksImRhdGEiOnsidXNlciI6eyJpZF9yb2wiOjEsImlkX3VzdWFyaW8iOjE1LCJub21icmVfcm9sIjoiQWRtaW5pc3RyYWRvciJ9fX0.U7dUgGXbRx5fRbp0HfzQbBR0zi2E-bpaiN4VWfh5nOc	2025-09-16 01:03:02.026236	2025-09-16 01:02:59
229	eyJ0eXAiOiJKV1QiLCJhbGciOiJIUzI1NiJ9.eyJleHAiOjE3NTgwMDk4MTksImRhdGEiOnsidXNlciI6eyJpZF9yb2wiOjIsImlkX3VzdWFyaW8iOjM0LCJub21icmVfcm9sIjoiQ2xpZW50ZSJ9fX0.bFOlksCXaKMxWpbUl98V9XBu0mKW9_kR9seog0VGDLI	2025-09-16 01:03:44.563476	2025-09-16 01:03:39
230	eyJ0eXAiOiJKV1QiLCJhbGciOiJIUzI1NiJ9.eyJleHAiOjE3NTgwMTI3MTYsImRhdGEiOnsidXNlciI6eyJpZF9yb2wiOjIsImlkX3VzdWFyaW8iOjM0LCJub21icmVfcm9sIjoiQ2xpZW50ZSJ9fX0.6FFICpvpLEbMCFM0S3oaRl9Byq3COAg1Dl56Rd0bRos	2025-09-16 01:52:04.553528	2025-09-16 01:51:56
231	eyJ0eXAiOiJKV1QiLCJhbGciOiJIUzI1NiJ9.eyJleHAiOjE3NTgwMTMxNDYsImRhdGEiOnsidXNlciI6eyJpZF9yb2wiOjEsImlkX3VzdWFyaW8iOjE1LCJub21icmVfcm9sIjoiQWRtaW5pc3RyYWRvciJ9fX0.ddDr5JbdzrBZzx4XKNNyXOx5yv9-FU5tjjCzUg8WV4s	2025-09-16 01:59:45.622842	2025-09-16 01:59:06
232	eyJ0eXAiOiJKV1QiLCJhbGciOiJIUzI1NiJ9.eyJleHAiOjE3NTgwMTMyMzEsImRhdGEiOnsidXNlciI6eyJpZF9yb2wiOjIsImlkX3VzdWFyaW8iOjM0LCJub21icmVfcm9sIjoiQ2xpZW50ZSJ9fX0.2nlKsc2TM5sMgJwn0OG0CuBy3KztYgEXceMpSbq0apk	2025-09-16 02:01:04.716436	2025-09-16 02:00:31
233	eyJ0eXAiOiJKV1QiLCJhbGciOiJIUzI1NiJ9.eyJleHAiOjE3NTgwMTM5NTcsImRhdGEiOnsidXNlciI6eyJpZF9yb2wiOjIsImlkX3VzdWFyaW8iOjM0LCJub21icmVfcm9sIjoiQ2xpZW50ZSJ9fX0.XE3JfrjXlt4uFmiZraBT7E0Vo8ReU-xXk2ED9W_JVdk	2025-09-16 02:12:48.061734	2025-09-16 02:12:37
234	eyJ0eXAiOiJKV1QiLCJhbGciOiJIUzI1NiJ9.eyJleHAiOjE3NTgwMTQxMDksImRhdGEiOnsidXNlciI6eyJpZF9yb2wiOjEsImlkX3VzdWFyaW8iOjE1LCJub21icmVfcm9sIjoiQWRtaW5pc3RyYWRvciJ9fX0.gaf1H4f_PiXK5GwjHEqTFnxa8AeBpR3ek_6xQgRZi-Y	2025-09-16 02:15:18.044824	2025-09-16 02:15:09
235	eyJ0eXAiOiJKV1QiLCJhbGciOiJIUzI1NiJ9.eyJleHAiOjE3NTgwMTQ1NTAsImRhdGEiOnsidXNlciI6eyJpZF9yb2wiOjIsImlkX3VzdWFyaW8iOjM0LCJub21icmVfcm9sIjoiQ2xpZW50ZSJ9fX0.uAeAcEsZhpQlsZqRPat-EFulNSNUekiixwGXGKtLr08	2025-09-16 02:22:34.500936	2025-09-16 02:22:30
236	eyJ0eXAiOiJKV1QiLCJhbGciOiJIUzI1NiJ9.eyJleHAiOjE3NTgwNDk0OTMsImRhdGEiOnsidXNlciI6eyJpZF9yb2wiOjIsImlkX3VzdWFyaW8iOjM0LCJub21icmVfcm9sIjoiQ2xpZW50ZSJ9fX0.sd4J7t3I6aa28YptsJQPuligxZKkd_LIUYFbVme19TE	2025-09-16 12:06:21.690353	2025-09-16 12:04:53
237	eyJ0eXAiOiJKV1QiLCJhbGciOiJIUzI1NiJ9.eyJleHAiOjE3NTgwNTA2NTAsImRhdGEiOnsidXNlciI6eyJpZF9yb2wiOjIsImlkX3VzdWFyaW8iOjM0LCJub21icmVfcm9sIjoiQ2xpZW50ZSJ9fX0.S9Yoz3KOl3CH7nBbsCPDlJZtlr8KD2BaldMyBCtpibc	2025-09-16 12:24:25.822589	2025-09-16 12:24:10
238	eyJ0eXAiOiJKV1QiLCJhbGciOiJIUzI1NiJ9.eyJleHAiOjE3NTgwNTA2OTYsImRhdGEiOnsidXNlciI6eyJpZF9yb2wiOjIsImlkX3VzdWFyaW8iOjM0LCJub21icmVfcm9sIjoiQ2xpZW50ZSJ9fX0.3rwa1iXFmmX7gqx0ssN2YKzV9ILvUSWZmiemMsBjrUo	2025-09-16 12:25:18.32998	2025-09-16 12:24:56
239	eyJ0eXAiOiJKV1QiLCJhbGciOiJIUzI1NiJ9.eyJleHAiOjE3NTgwNTE3NDYsImRhdGEiOnsidXNlciI6eyJpZF9yb2wiOjEsImlkX3VzdWFyaW8iOjE1LCJub21icmVfcm9sIjoiQWRtaW5pc3RyYWRvciJ9fX0.lwN-vmUaZZnHhl4wWlwVoxrSCKNRpXEL2nIWZlgQoaU	2025-09-16 12:42:29.695654	2025-09-16 12:42:26
240		2025-09-16 12:46:25.0017	2025-09-16 11:46:25
241	eyJ0eXAiOiJKV1QiLCJhbGciOiJIUzI1NiJ9.eyJleHAiOjE3NTgwNTI1MzcsImRhdGEiOnsidXNlciI6eyJpZF9yb2wiOjEsImlkX3VzdWFyaW8iOjE1LCJub21icmVfcm9sIjoiQWRtaW5pc3RyYWRvciJ9fX0.Du1umpo6POJACvbZv2Cw5KSNZJjXh9bNeTy7TU-51Hw	2025-09-16 12:55:40.167559	2025-09-16 12:55:37
242	eyJ0eXAiOiJKV1QiLCJhbGciOiJIUzI1NiJ9.eyJleHAiOjE3NTgwNTUxNTEsImRhdGEiOnsidXNlciI6eyJpZF9yb2wiOjEsImlkX3VzdWFyaW8iOjE1LCJub21icmVfcm9sIjoiQWRtaW5pc3RyYWRvciJ9fX0.SBpUJ5PwIYr0zXZxMxAIJx2PO7zvfaILNeurgZ3LX4U	2025-09-16 13:39:15.577566	2025-09-16 13:39:11
243	eyJ0eXAiOiJKV1QiLCJhbGciOiJIUzI1NiJ9.eyJleHAiOjE3NTgwNTY2MjAsImRhdGEiOnsidXNlciI6eyJpZF9yb2wiOjEsImlkX3VzdWFyaW8iOjE1LCJub21icmVfcm9sIjoiQWRtaW5pc3RyYWRvciJ9fX0.AcyFhUTISlOUZoYpusB1uhEnPDzYDXtQE8v8PpM9z5M	2025-09-16 14:03:45.770738	2025-09-16 14:03:40
244	eyJ0eXAiOiJKV1QiLCJhbGciOiJIUzI1NiJ9.eyJleHAiOjE3NTgwNTY4ODIsImRhdGEiOnsidXNlciI6eyJpZF9yb2wiOjEsImlkX3VzdWFyaW8iOjE1LCJub21icmVfcm9sIjoiQWRtaW5pc3RyYWRvciJ9fX0.clV7mMHmdASF2MH83s2qB3fd5jHRdiyZOIyEXSt77kk	2025-09-16 14:08:07.685956	2025-09-16 14:08:02
245	eyJ0eXAiOiJKV1QiLCJhbGciOiJIUzI1NiJ9.eyJleHAiOjE3NTgwNTcwNTEsImRhdGEiOnsidXNlciI6eyJpZF9yb2wiOjEsImlkX3VzdWFyaW8iOjE1LCJub21icmVfcm9sIjoiQWRtaW5pc3RyYWRvciJ9fX0.JQ41lc-Ot682CoIm3nXS1gAjzogeEJK7QqTZqQUxx7k	2025-09-16 14:11:00.708446	2025-09-16 14:10:51
246	eyJ0eXAiOiJKV1QiLCJhbGciOiJIUzI1NiJ9.eyJleHAiOjE3NTgwNTcxMDQsImRhdGEiOnsidXNlciI6eyJpZF9yb2wiOjEsImlkX3VzdWFyaW8iOjE1LCJub21icmVfcm9sIjoiQWRtaW5pc3RyYWRvciJ9fX0.-_8kEW_vrM1NBVNxDpt4HcQaq5q_SmivPYBIK0QLlU4	2025-09-16 14:11:51.887725	2025-09-16 14:11:44
247	eyJ0eXAiOiJKV1QiLCJhbGciOiJIUzI1NiJ9.eyJleHAiOjE3NTgwNTcxMzQsImRhdGEiOnsidXNlciI6eyJpZF9yb2wiOjIsImlkX3VzdWFyaW8iOjM0LCJub21icmVfcm9sIjoiQ2xpZW50ZSJ9fX0.FyPjxoo5eDZWFJIB3Ns2SSUPAktWFqXaeyhF73s40qE	2025-09-16 14:12:51.415248	2025-09-16 14:12:14
248	eyJ0eXAiOiJKV1QiLCJhbGciOiJIUzI1NiJ9.eyJleHAiOjE3NTgwNTcyMDQsImRhdGEiOnsidXNlciI6eyJpZF9yb2wiOjIsImlkX3VzdWFyaW8iOjM0LCJub21icmVfcm9sIjoiQ2xpZW50ZSJ9fX0.2WTeQAoPrshTv1W2UosHCp6oITn6Y8hdRMHwRpRMtRg	2025-09-16 14:14:43.438322	2025-09-16 14:13:24
249	eyJ0eXAiOiJKV1QiLCJhbGciOiJIUzI1NiJ9.eyJleHAiOjE3NTgwNTczMzAsImRhdGEiOnsidXNlciI6eyJpZF9yb2wiOjIsImlkX3VzdWFyaW8iOjM0LCJub21icmVfcm9sIjoiQ2xpZW50ZSJ9fX0.vb3QeCAV4nrAwRq0aU1jGeHln67o0sZeR9WW83HVXrY	2025-09-16 14:15:47.267374	2025-09-16 14:15:30
250	eyJ0eXAiOiJKV1QiLCJhbGciOiJIUzI1NiJ9.eyJleHAiOjE3NTgwNTczNTcsImRhdGEiOnsidXNlciI6eyJpZF9yb2wiOjIsImlkX3VzdWFyaW8iOjM0LCJub21icmVfcm9sIjoiQ2xpZW50ZSJ9fX0.dQDHxw350AZQuca2tHVJLF1y-PsiLZfOtrKyKG-iRl4	2025-09-16 14:16:00.684467	2025-09-16 14:15:57
251	eyJ0eXAiOiJKV1QiLCJhbGciOiJIUzI1NiJ9.eyJleHAiOjE3NTgwNTczNjUsImRhdGEiOnsidXNlciI6eyJpZF9yb2wiOjEsImlkX3VzdWFyaW8iOjE1LCJub21icmVfcm9sIjoiQWRtaW5pc3RyYWRvciJ9fX0.g2w6xLHwX4ydiN5oowcF9i6yTMJfneUJUSOEHVXhJB4	2025-09-16 14:16:08.240395	2025-09-16 14:16:05
252	eyJ0eXAiOiJKV1QiLCJhbGciOiJIUzI1NiJ9.eyJleHAiOjE3NTgwNTczODMsImRhdGEiOnsidXNlciI6eyJpZF9yb2wiOjIsImlkX3VzdWFyaW8iOjM0LCJub21icmVfcm9sIjoiQ2xpZW50ZSJ9fX0.e2NVnPukkcSMbEJtVciprGkgxpvLK_G74XP4E5xg8nk	2025-09-16 14:16:30.460072	2025-09-16 14:16:23
253	eyJ0eXAiOiJKV1QiLCJhbGciOiJIUzI1NiJ9.eyJleHAiOjE3NTgwNTc0MTEsImRhdGEiOnsidXNlciI6eyJpZF9yb2wiOjEsImlkX3VzdWFyaW8iOjE1LCJub21icmVfcm9sIjoiQWRtaW5pc3RyYWRvciJ9fX0.zjs2rKlX-zIVsXuRYFv7HS8t4cqI3T60owr1LhhmHdA	2025-09-16 14:16:59.446171	2025-09-16 14:16:51
254	eyJ0eXAiOiJKV1QiLCJhbGciOiJIUzI1NiJ9.eyJleHAiOjE3NTgwNTc0NzMsImRhdGEiOnsidXNlciI6eyJpZF9yb2wiOjEsImlkX3VzdWFyaW8iOjE1LCJub21icmVfcm9sIjoiQWRtaW5pc3RyYWRvciJ9fX0.EBlWlJVSmOICYytQM503e76dAtYO-9wqHWRhfVR-AZ8	2025-09-16 14:17:57.039266	2025-09-16 14:17:53
255	eyJ0eXAiOiJKV1QiLCJhbGciOiJIUzI1NiJ9.eyJleHAiOjE3NTgwNTc0OTUsImRhdGEiOnsidXNlciI6eyJpZF9yb2wiOjIsImlkX3VzdWFyaW8iOjM0LCJub21icmVfcm9sIjoiQ2xpZW50ZSJ9fX0.iYgzw2qDECerL0wcp5GK_VdjxoXIfqrEaMdvKXjljew	2025-09-16 14:18:19.175866	2025-09-16 14:18:15
256	eyJ0eXAiOiJKV1QiLCJhbGciOiJIUzI1NiJ9.eyJleHAiOjE3NTgwNTg0NTIsImRhdGEiOnsidXNlciI6eyJpZF9yb2wiOjEsImlkX3VzdWFyaW8iOjE1LCJub21icmVfcm9sIjoiQWRtaW5pc3RyYWRvciJ9fX0.JEtc_8YyeuJoGd8DuwXe0jug1L9Nq8fTCxUlV1mXZ8Y	2025-09-16 14:34:27.547546	2025-09-16 14:34:12
257	eyJ0eXAiOiJKV1QiLCJhbGciOiJIUzI1NiJ9.eyJleHAiOjE3NTgwNTg2ODgsImRhdGEiOnsidXNlciI6eyJpZF9yb2wiOjIsImlkX3VzdWFyaW8iOjM0LCJub21icmVfcm9sIjoiQ2xpZW50ZSJ9fX0.gWWCVXJL0kuVEYA2zPdugsGzPlY4MYxN9YEz4wtGQmA	2025-09-16 14:38:13.184252	2025-09-16 14:38:08
258	eyJ0eXAiOiJKV1QiLCJhbGciOiJIUzI1NiJ9.eyJleHAiOjE3NTgwNjMzMDEsImRhdGEiOnsidXNlciI6eyJpZF9yb2wiOjIsImlkX3VzdWFyaW8iOjM0LCJub21icmVfcm9sIjoiQ2xpZW50ZSJ9fX0.Wqe_GjpwXQwJWbtToeryKsEGrsUmbzyvI85DJrkfEx4	2025-09-16 15:55:22.129389	2025-09-16 15:55:01
259	eyJ0eXAiOiJKV1QiLCJhbGciOiJIUzI1NiJ9.eyJleHAiOjE3NTgwNjMzOTAsImRhdGEiOnsidXNlciI6eyJpZF9yb2wiOjEsImlkX3VzdWFyaW8iOjE1LCJub21icmVfcm9sIjoiQWRtaW5pc3RyYWRvciJ9fX0.Dpc59WmxTDyVADP8MwH9y7Zu2KQsrwo-ZNGlYbJpGWQ	2025-09-16 15:56:51.378172	2025-09-16 15:56:30
260	eyJ0eXAiOiJKV1QiLCJhbGciOiJIUzI1NiJ9.eyJleHAiOjE3NTgwNjM2NDQsImRhdGEiOnsidXNlciI6eyJpZF9yb2wiOjEsImlkX3VzdWFyaW8iOjE1LCJub21icmVfcm9sIjoiQWRtaW5pc3RyYWRvciJ9fX0.uEW0XQyvqwP851Orj2AkjVStUl9RcMCmkvHQVTcEDdI	2025-09-16 16:06:17.605509	2025-09-16 16:00:44
261	eyJ0eXAiOiJKV1QiLCJhbGciOiJIUzI1NiJ9.eyJleHAiOjE3NTgwNjQwMjEsImRhdGEiOnsidXNlciI6eyJpZF9yb2wiOjEsImlkX3VzdWFyaW8iOjE1LCJub21icmVfcm9sIjoiQWRtaW5pc3RyYWRvciJ9fX0.rVjTbcvSHvkwtZbT2M0vxSv8YclFIN1eBjPNRRE9nV0	2025-09-16 16:07:17.496979	2025-09-16 16:07:01
262	eyJ0eXAiOiJKV1QiLCJhbGciOiJIUzI1NiJ9.eyJleHAiOjE3NTgwNjQwODAsImRhdGEiOnsidXNlciI6eyJpZF9yb2wiOjIsImlkX3VzdWFyaW8iOjM0LCJub21icmVfcm9sIjoiQ2xpZW50ZSJ9fX0.QknjjDy_YIQOTL8t3MrrP2JQgU-Jm951v06DUr75lsE	2025-09-16 16:08:11.004478	2025-09-16 16:08:00
263	eyJ0eXAiOiJKV1QiLCJhbGciOiJIUzI1NiJ9.eyJleHAiOjE3NTgwNjQ1MzUsImRhdGEiOnsidXNlciI6eyJpZF9yb2wiOjEsImlkX3VzdWFyaW8iOjE1LCJub21icmVfcm9sIjoiQWRtaW5pc3RyYWRvciJ9fX0.AVbd6hwboorQffrEX860JGHK3qNoarsuvQNU5-hhX8c	2025-09-16 16:15:46.55943	2025-09-16 16:15:35
264	eyJ0eXAiOiJKV1QiLCJhbGciOiJIUzI1NiJ9.eyJleHAiOjE3NTgwNjQ0OTgsImRhdGEiOnsidXNlciI6eyJpZF9yb2wiOjEsImlkX3VzdWFyaW8iOjE1LCJub21icmVfcm9sIjoiQWRtaW5pc3RyYWRvciJ9fX0.n3JK3_8OLNhaOhHXRGbH4wUFsJ-qK59c9T4eAwVoDlE	2025-09-16 16:15:57.79311	2025-09-16 16:14:58
265	eyJ0eXAiOiJKV1QiLCJhbGciOiJIUzI1NiJ9.eyJleHAiOjE3NTgwNjQ4MjYsImRhdGEiOnsidXNlciI6eyJpZF9yb2wiOjEsImlkX3VzdWFyaW8iOjE1LCJub21icmVfcm9sIjoiQWRtaW5pc3RyYWRvciJ9fX0.V_RmxoSeSm9Kujpo0iYmq-8viOwX0IRrXXjxpjq1Oqs	2025-09-16 16:20:34.32758	2025-09-16 16:20:26
266	eyJ0eXAiOiJKV1QiLCJhbGciOiJIUzI1NiJ9.eyJleHAiOjE3NTgwNjQ4MzgsImRhdGEiOnsidXNlciI6eyJpZF9yb2wiOjIsImlkX3VzdWFyaW8iOjM0LCJub21icmVfcm9sIjoiQ2xpZW50ZSJ9fX0.Kmbi7xZ3aXOA3D-tXs3Sn0y33J3lbjNbGeoNn-Vh7Rk	2025-09-16 16:20:40.546318	2025-09-16 16:20:38
267	eyJ0eXAiOiJKV1QiLCJhbGciOiJIUzI1NiJ9.eyJleHAiOjE3NTgwNjQ4NzgsImRhdGEiOnsidXNlciI6eyJpZF9yb2wiOjEsImlkX3VzdWFyaW8iOjE1LCJub21icmVfcm9sIjoiQWRtaW5pc3RyYWRvciJ9fX0.jpPKoYjlC19fukP2krYnXhSG5CaqX64uGYNdmmoAH0Q	2025-09-16 16:23:41.489437	2025-09-16 16:21:18
268	eyJ0eXAiOiJKV1QiLCJhbGciOiJIUzI1NiJ9.eyJleHAiOjE3NTgwNzA3MjIsImRhdGEiOnsidXNlciI6eyJpZF9yb2wiOjIsImlkX3VzdWFyaW8iOjM0LCJub21icmVfcm9sIjoiQ2xpZW50ZSJ9fX0.XvnHKvzEbpvCvj-iYSaZoyWzCF-DJ00gpjRMzSmsGjI	2025-09-16 17:58:49.040399	2025-09-16 17:58:42
269	eyJ0eXAiOiJKV1QiLCJhbGciOiJIUzI1NiJ9.eyJleHAiOjE3NTgwNzA3NDcsImRhdGEiOnsidXNlciI6eyJpZF9yb2wiOjEsImlkX3VzdWFyaW8iOjE1LCJub21icmVfcm9sIjoiQWRtaW5pc3RyYWRvciJ9fX0.r7NvoRVaDdpt3l6alW7Oc-xqbom3fqPKSwQDnApuuaY	2025-09-16 18:07:22.416312	2025-09-16 17:59:07
270	eyJ0eXAiOiJKV1QiLCJhbGciOiJIUzI1NiJ9.eyJleHAiOjE3NTgwNzE3OTAsImRhdGEiOnsidXNlciI6eyJpZF9yb2wiOjEsImlkX3VzdWFyaW8iOjE1LCJub21icmVfcm9sIjoiQWRtaW5pc3RyYWRvciJ9fX0.qOYSxIEcvrg_TNeq-uLSziPxH5ql8ql8eZCPokbQHHw	2025-09-16 18:16:47.041447	2025-09-16 18:16:30
271	eyJ0eXAiOiJKV1QiLCJhbGciOiJIUzI1NiJ9.eyJleHAiOjE3NTgwNzE4MTcsImRhdGEiOnsidXNlciI6eyJpZF9yb2wiOjIsImlkX3VzdWFyaW8iOjM0LCJub21icmVfcm9sIjoiQ2xpZW50ZSJ9fX0.H0BSD0mBtbG9gzKZhFkeooLeDWDv9C6TxINXshQE9aY	2025-09-16 18:17:06.366391	2025-09-16 18:16:57
272	eyJ0eXAiOiJKV1QiLCJhbGciOiJIUzI1NiJ9.eyJleHAiOjE3NTgwNzMyMjEsImRhdGEiOnsidXNlciI6eyJpZF9yb2wiOjIsImlkX3VzdWFyaW8iOjM0LCJub21icmVfcm9sIjoiQ2xpZW50ZSJ9fX0.jozEE5CKCiBaaEPbqlklnByTqcrhL1Q7JoElpBXTA8Y	2025-09-16 18:40:32.317721	2025-09-16 18:40:21
273	eyJ0eXAiOiJKV1QiLCJhbGciOiJIUzI1NiJ9.eyJleHAiOjE3NTgwNzMyNTYsImRhdGEiOnsidXNlciI6eyJpZF9yb2wiOjEsImlkX3VzdWFyaW8iOjE1LCJub21icmVfcm9sIjoiQWRtaW5pc3RyYWRvciJ9fX0.X0IrFALmrG4th2JBf0eGwdZ820hyghL_yu-vrhQ-4ow	2025-09-16 18:41:09.753551	2025-09-16 18:40:56
274	eyJ0eXAiOiJKV1QiLCJhbGciOiJIUzI1NiJ9.eyJleHAiOjE3NTgxNjgzNTAsImRhdGEiOnsidXNlciI6eyJpZF9yb2wiOjIsImlkX3VzdWFyaW8iOjM0LCJub21icmVfcm9sIjoiQ2xpZW50ZSJ9fX0.ctZkX0aMqlPLEnepRLyw-vS9MZzWfSjfMaz8FI8nOPc	2025-09-17 21:05:53.598796	2025-09-17 21:05:50
275	eyJ0eXAiOiJKV1QiLCJhbGciOiJIUzI1NiJ9.eyJleHAiOjE3NTgyNTYyMTYsImRhdGEiOnsidXNlciI6eyJpZF9yb2wiOjIsImlkX3VzdWFyaW8iOjM0LCJub21icmVfcm9sIjoiQ2xpZW50ZSJ9fX0.-bu9S8ieW_l4yJgsoyEk2sqxwSwBr0mTdW_IhWiXYmM	2025-09-18 21:31:07.027228	2025-09-18 21:30:16
276	eyJ0eXAiOiJKV1QiLCJhbGciOiJIUzI1NiJ9.eyJleHAiOjE3NTgyNTYzNzksImRhdGEiOnsidXNlciI6eyJpZF9yb2wiOjEsImlkX3VzdWFyaW8iOjQ2LCJub21icmVfcm9sIjoiQWRtaW5pc3RyYWRvciJ9fX0.7cFdW6GTdE0u2upWZKjfUwhyCQ-rw1jPGx_c-o1lzWg	2025-09-18 21:33:51.497365	2025-09-18 21:32:59
277	eyJ0eXAiOiJKV1QiLCJhbGciOiJIUzI1NiJ9.eyJleHAiOjE3NTgyNTY0NTYsImRhdGEiOnsidXNlciI6eyJpZF9yb2wiOjEsImlkX3VzdWFyaW8iOjQ1LCJub21icmVfcm9sIjoiQWRtaW5pc3RyYWRvciJ9fX0.p9_Oqo8xBsGcF90H4-TMBxMrH3Sn91rt5Zj2-SieQ5A	2025-09-18 21:34:21.827575	2025-09-18 21:34:16
278	eyJ0eXAiOiJKV1QiLCJhbGciOiJIUzI1NiJ9.eyJleHAiOjE3NTgyNTY2MjgsImRhdGEiOnsidXNlciI6eyJpZF9yb2wiOjIsImlkX3VzdWFyaW8iOjM0LCJub21icmVfcm9sIjoiQ2xpZW50ZSJ9fX0.acPIQuM454avKDEQZ0fe4CKD96Go6PjGgQ8AJt0U8_4	2025-09-18 21:37:18.820798	2025-09-18 21:37:08
279	eyJ0eXAiOiJKV1QiLCJhbGciOiJIUzI1NiJ9.eyJleHAiOjE3NTgzMzI1ODgsImRhdGEiOnsidXNlciI6eyJpZF9yb2wiOjIsImlkX3VzdWFyaW8iOjM0LCJub21icmVfcm9sIjoiQ2xpZW50ZSJ9fX0.Lf6emlgx-ugjbPZUvhV-LbO9rUAOvKhCTIPPWhxn2Zs	2025-09-19 19:30:28.007547	2025-09-19 18:43:08
280	eyJ0eXAiOiJKV1QiLCJhbGciOiJIUzI1NiJ9.eyJleHAiOjE3NTgzMzY4MjQsImRhdGEiOnsidXNlciI6eyJpZF9yb2wiOjIsImlkX3VzdWFyaW8iOjM0LCJub21icmVfcm9sIjoiQ2xpZW50ZSJ9fX0.jdMnJruoczrAt88LSDm2pvxKtgxfK4d4Y6wcwPz95g4	2025-09-19 19:53:46.928457	2025-09-19 19:53:44
281	eyJ0eXAiOiJKV1QiLCJhbGciOiJIUzI1NiJ9.eyJleHAiOjE3NTgzNTIzNDMsImRhdGEiOnsidXNlciI6eyJpZF9yb2wiOjIsImlkX3VzdWFyaW8iOjM0LCJub21icmVfcm9sIjoiQ2xpZW50ZSJ9fX0.WiSkdgOrxBVE1fTCnH1vq2pH9pVaPpjoGR2fv4qY7rg	2025-09-20 00:12:28.931162	2025-09-20 00:12:23
282	eyJ0eXAiOiJKV1QiLCJhbGciOiJIUzI1NiJ9.eyJleHAiOjE3NTg0MTQyNzUsImRhdGEiOnsidXNlciI6eyJpZF9yb2wiOjIsImlkX3VzdWFyaW8iOjM0LCJub21icmVfcm9sIjoiQ2xpZW50ZSJ9fX0.FTMOEHoIlrdiWKyp57hc8EW4u87eNlLVDsEyedALSIA	2025-09-20 17:24:56.551367	2025-09-20 17:24:35
283	eyJ0eXAiOiJKV1QiLCJhbGciOiJIUzI1NiJ9.eyJleHAiOjE3NTg0MTQzMjgsImRhdGEiOnsidXNlciI6eyJpZF9yb2wiOjEsImlkX3VzdWFyaW8iOjQ3LCJub21icmVfcm9sIjoiQWRtaW5pc3RyYWRvciJ9fX0.tEI6qvI_Fu-m4kkWTslZ7VX3mh3zKdNWVUU2Vwf5n9Q	2025-09-20 17:25:42.961412	2025-09-20 17:25:28
284	eyJ0eXAiOiJKV1QiLCJhbGciOiJIUzI1NiJ9.eyJleHAiOjE3NTg2NTczMzIsImRhdGEiOnsidXNlciI6eyJpZF9yb2wiOjIsImlkX3VzdWFyaW8iOjM0LCJub21icmVfcm9sIjoiQ2xpZW50ZSJ9fX0.kbmk_ryiijHlLdAA5DDmAs-AfMrK6G_WwuLvXlFIDtQ	2025-09-23 12:56:03.892819	2025-09-23 12:55:32
285	eyJ0eXAiOiJKV1QiLCJhbGciOiJIUzI1NiJ9.eyJleHAiOjE3NTg2NTc0MTEsImRhdGEiOnsidXNlciI6eyJpZF9yb2wiOjIsImlkX3VzdWFyaW8iOjM0LCJub21icmVfcm9sIjoiQ2xpZW50ZSJ9fX0.Q6GWBXOpRX2fE-JyDbtDjoCBCzMQLjJk9g0enOQgiMk	2025-09-23 13:00:45.053709	2025-09-23 12:56:51
286	eyJ0eXAiOiJKV1QiLCJhbGciOiJIUzI1NiJ9.eyJleHAiOjE3NTkwOTQyOTIsImRhdGEiOnsidXNlciI6eyJpZF9yb2wiOjIsImlkX3VzdWFyaW8iOjM0LCJub21icmVfcm9sIjoiQ2xpZW50ZSJ9fX0.jXL43T40o59AN1fPthP6HeIrApGC925k_FnHfsxWpkg	2025-09-28 14:18:35.125796	2025-09-28 14:18:12
287	eyJ0eXAiOiJKV1QiLCJhbGciOiJIUzI1NiJ9.eyJleHAiOjE3NTkwOTQ0MTMsImRhdGEiOnsidXNlciI6eyJpZF9yb2wiOjIsImlkX3VzdWFyaW8iOjM0LCJub21icmVfcm9sIjoiQ2xpZW50ZSJ9fX0.Iw7yB28-iuPHNX45dU-oae_tQhKrZQDpBzvne_Ry6MA	2025-09-28 14:25:58.396222	2025-09-28 14:20:13
288	eyJ0eXAiOiJKV1QiLCJhbGciOiJIUzI1NiJ9.eyJleHAiOjE3NTkxMDA2NDgsImRhdGEiOnsidXNlciI6eyJpZF9yb2wiOjIsImlkX3VzdWFyaW8iOjM0LCJub21icmVfcm9sIjoiQ2xpZW50ZSJ9fX0.Es0DeaH36GIcyjDX4N3iRkAKZyupu-4erF9bU_viNZk	2025-09-28 16:18:26.873293	2025-09-28 16:04:08
289	eyJ0eXAiOiJKV1QiLCJhbGciOiJIUzI1NiJ9.eyJleHAiOjE3NTkxMDE1NjQsImRhdGEiOnsidXNlciI6eyJpZF9yb2wiOjIsImlkX3VzdWFyaW8iOjk4LCJub21icmVfcm9sIjoiQ2xpZW50ZSJ9fX0.9QdBht-Hl9o0QVyRb5_bEMGm6v4v3i44pEOwpzAbCBw	2025-09-28 16:20:33.411372	2025-09-28 16:19:24
290	eyJ0eXAiOiJKV1QiLCJhbGciOiJIUzI1NiJ9.eyJleHAiOjE3NTkxMDI2NTAsImRhdGEiOnsidXNlciI6eyJpZF9yb2wiOjIsImlkX3VzdWFyaW8iOjM0LCJub21icmVfcm9sIjoiQ2xpZW50ZSJ9fX0.OuUo35kzpqngwI5TN_aTFxVX6pjyGd-z_2CPNPZhQXM	2025-09-28 16:37:40.123248	2025-09-28 16:37:30
291	eyJ0eXAiOiJKV1QiLCJhbGciOiJIUzI1NiJ9.eyJleHAiOjE3NTkxMDI2OTQsImRhdGEiOnsidXNlciI6eyJpZF9yb2wiOjEsImlkX3VzdWFyaW8iOjQ3LCJub21icmVfcm9sIjoiQWRtaW5pc3RyYWRvciJ9fX0.8nudhGTAbQaig0FE28wiEZuujWnFaahS4Mlp8sGqITY	2025-09-28 16:38:46.209577	2025-09-28 16:38:14
292	eyJ0eXAiOiJKV1QiLCJhbGciOiJIUzI1NiJ9.eyJleHAiOjE3NTkxMDI4MDMsImRhdGEiOnsidXNlciI6eyJpZF9yb2wiOjIsImlkX3VzdWFyaW8iOjk5LCJub21icmVfcm9sIjoiQ2xpZW50ZSJ9fX0.FaOAsUmj1hKgUzh1SsbKgtCLxf_SfvsQz-cSEqnWTaA	2025-09-28 16:40:46.701002	2025-09-28 16:40:03
293	eyJ0eXAiOiJKV1QiLCJhbGciOiJIUzI1NiJ9.eyJleHAiOjE3NTkxMDMwMDQsImRhdGEiOnsidXNlciI6eyJpZF9yb2wiOjIsImlkX3VzdWFyaW8iOjEwMCwibm9tYnJlX3JvbCI6IkNsaWVudGUifX19.NHsurUcjBIhLcufwrMhtq-zV1PBf3dcPqjvQona7Z08	2025-09-28 16:43:33.787507	2025-09-28 16:43:24
294	eyJ0eXAiOiJKV1QiLCJhbGciOiJIUzI1NiJ9.eyJleHAiOjE3NTkxMTA0MzYsImRhdGEiOnsidXNlciI6eyJpZF9yb2wiOjIsImlkX3VzdWFyaW8iOjEwMiwibm9tYnJlX3JvbCI6IkNsaWVudGUifX19.Vi4VrMEEgWse07BLSPO8T45wiwbRtdHxWf75qP8Dyds	2025-09-28 18:47:24.861489	2025-09-28 18:47:16
295	eyJ0eXAiOiJKV1QiLCJhbGciOiJIUzI1NiJ9.eyJleHAiOjE3NTkxMTEwMzYsImRhdGEiOnsidXNlciI6eyJpZF9yb2wiOjIsImlkX3VzdWFyaW8iOjEwMywibm9tYnJlX3JvbCI6IkNsaWVudGUifX19.xLmIuM6ckATCNQsIaaiFjuSsbAwlEJVfrbq3Ab09KHw	2025-09-28 18:58:07.940411	2025-09-28 18:57:16
296	eyJ0eXAiOiJKV1QiLCJhbGciOiJIUzI1NiJ9.eyJleHAiOjE3NTkxMTEzOTAsImRhdGEiOnsidXNlciI6eyJpZF9yb2wiOjIsImlkX3VzdWFyaW8iOjEwNSwibm9tYnJlX3JvbCI6IkNsaWVudGUifX19.9VVGr3regLlmY_uCe6IlMgmzbwhT49CDzFkbG5GiYhE	2025-09-28 19:03:16.277051	2025-09-28 19:03:10
297	eyJ0eXAiOiJKV1QiLCJhbGciOiJIUzI1NiJ9.eyJleHAiOjE3NTkxMTQwMzYsImRhdGEiOnsidXNlciI6eyJpZF9yb2wiOjIsImlkX3VzdWFyaW8iOjEwNiwibm9tYnJlX3JvbCI6IkNsaWVudGUifX19.kZFTVujsdF-0JGPmbEqCiaWAmutr3Vu56ritqWEO6J0	2025-09-28 19:47:31.131437	2025-09-28 19:47:16
298	eyJ0eXAiOiJKV1QiLCJhbGciOiJIUzI1NiJ9.eyJleHAiOjE3NTkxMTQxMDcsImRhdGEiOnsidXNlciI6eyJpZF9yb2wiOjIsImlkX3VzdWFyaW8iOjEwNywibm9tYnJlX3JvbCI6IkNsaWVudGUifX19.KPV3vX_JoW7P9q3EhwBUv-jEQdB6xtEu2IZR-xaJBLc	2025-09-28 19:49:36.768872	2025-09-28 19:48:27
299	eyJ0eXAiOiJKV1QiLCJhbGciOiJIUzI1NiJ9.eyJleHAiOjE3NTkxMTQyNTYsImRhdGEiOnsidXNlciI6eyJpZF9yb2wiOjIsImlkX3VzdWFyaW8iOjEwOCwibm9tYnJlX3JvbCI6IkNsaWVudGUifX19.GNWqColNVn-DcH2lthIyl7uMCSBw_n_5SKveCGx-uZI	2025-09-28 19:51:01.278989	2025-09-28 19:50:56
300	eyJ0eXAiOiJKV1QiLCJhbGciOiJIUzI1NiJ9.eyJleHAiOjE3NjI0Nzk2MzMsImRhdGEiOnsidXNlciI6eyJpZF9yb2wiOjIsImlkX3VzdWFyaW8iOjM0LCJub21icmVfcm9sIjoiQ2xpZW50ZSJ9fX0.y2ep77p-jUKv-wfATNMufCYgMazKzLJzopUwo6hJb5g	2025-11-06 18:41:03.465929	2025-11-06 18:40:33
301	eyJ0eXAiOiJKV1QiLCJhbGciOiJIUzI1NiJ9.eyJleHAiOjE3NjI0Nzk3MzUsImRhdGEiOnsidXNlciI6eyJpZF9yb2wiOjIsImlkX3VzdWFyaW8iOjExMCwibm9tYnJlX3JvbCI6IkNsaWVudGUifX19.bVD4psZoDch725_k48bx5wlEYXOziiTtrQRl-h-XGxM	2025-11-06 18:42:22.066396	2025-11-06 18:42:15
302	eyJ0eXAiOiJKV1QiLCJhbGciOiJIUzI1NiJ9.eyJleHAiOjE3NjI0ODAyNTgsImRhdGEiOnsidXNlciI6eyJpZF9yb2wiOjIsImlkX3VzdWFyaW8iOjExMCwibm9tYnJlX3JvbCI6IkNsaWVudGUifX19.4qen7RXGkjaQWTebGb_vYXPwVYJCBY5Bq_bAHyxKy7M	2025-11-06 18:51:02.074859	2025-11-06 18:50:58
303	eyJ0eXAiOiJKV1QiLCJhbGciOiJIUzI1NiJ9.eyJleHAiOjE3NjI0ODAzMjksImRhdGEiOnsidXNlciI6eyJpZF9yb2wiOjIsImlkX3VzdWFyaW8iOjExMCwibm9tYnJlX3JvbCI6IkNsaWVudGUifX19.gN5lNnH1CCoqFAhGYlJ9CIMEFfy8EWad8QZYw_6IjBk	2025-11-06 19:23:39.948867	2025-11-06 18:52:09
304	eyJ0eXAiOiJKV1QiLCJhbGciOiJIUzI1NiJ9.eyJleHAiOjE3NjI0ODc3MDQsImRhdGEiOnsidXNlciI6eyJpZF9yb2wiOjIsImlkX3VzdWFyaW8iOjEwMiwibm9tYnJlX3JvbCI6IkNsaWVudGUifX19.S8o7f0V1WRr9BK6qRW7wnWE7CFJMMWv429m7hglspwE	2025-11-06 20:55:06.959469	2025-11-06 20:55:04
305	eyJ0eXAiOiJKV1QiLCJhbGciOiJIUzI1NiJ9.eyJleHAiOjE3NjI0ODc4NDEsImRhdGEiOnsidXNlciI6eyJpZF9yb2wiOjIsImlkX3VzdWFyaW8iOjEwNiwibm9tYnJlX3JvbCI6IkNsaWVudGUifX19.c-uutWvto1K5IgpQC8BafXOgx4VQNPRveSBrnpsJk8s	2025-11-06 20:57:24.422112	2025-11-06 20:57:21
306	eyJ0eXAiOiJKV1QiLCJhbGciOiJIUzI1NiJ9.eyJleHAiOjE3NjI0ODc4NTQsImRhdGEiOnsidXNlciI6eyJpZF9yb2wiOjIsImlkX3VzdWFyaW8iOjEwMiwibm9tYnJlX3JvbCI6IkNsaWVudGUifX19.o73qSyYIjA1UjonwviV_J9Qr0RUeANBbnRrgqFzkP7w	2025-11-06 20:58:15.934433	2025-11-06 20:57:34
307	eyJ0eXAiOiJKV1QiLCJhbGciOiJIUzI1NiJ9.eyJleHAiOjE3NjI0OTU1NjksImRhdGEiOnsidXNlciI6eyJpZF9yb2wiOjIsImlkX3VzdWFyaW8iOjM0LCJub21icmVfcm9sIjoiQ2xpZW50ZSJ9fX0.1of9fXTNYQyEWpfVUg0Bqz6ky4BZOmDxDfnxd3MAhA8	2025-11-06 23:07:27.112539	2025-11-06 23:06:09
308	eyJ0eXAiOiJKV1QiLCJhbGciOiJIUzI1NiJ9.eyJleHAiOjE3NjI0OTU5ODcsImRhdGEiOnsidXNlciI6eyJpZF9yb2wiOjIsImlkX3VzdWFyaW8iOjg3LCJub21icmVfcm9sIjoiQ2xpZW50ZSJ9fX0.mqs_5AcqzIMOBBCZXqoOXQhyCBr8trGI1Ggig1gPgak	2025-11-06 23:13:11.436582	2025-11-06 23:13:07
309	eyJ0eXAiOiJKV1QiLCJhbGciOiJIUzI1NiJ9.eyJleHAiOjE3NjI0OTYwNTIsImRhdGEiOnsidXNlciI6eyJpZF9yb2wiOjIsImlkX3VzdWFyaW8iOjg3LCJub21icmVfcm9sIjoiQ2xpZW50ZSJ9fX0.OYhf6Ulw8TEhfq7vaoq2ZFtsLTOlZWvijLIdzm4FVHE	2025-11-06 23:14:23.006627	2025-11-06 23:14:12
310	eyJ0eXAiOiJKV1QiLCJhbGciOiJIUzI1NiJ9.eyJleHAiOjE3NjI0OTg1NjAsImRhdGEiOnsidXNlciI6eyJpZF9yb2wiOjIsImlkX3VzdWFyaW8iOjM0LCJub21icmVfcm9sIjoiQ2xpZW50ZSJ9fX0.4lEzctFBJWmWWkHATbFfpuxwkNlvVUKMBC9Hql7IgUk	2025-11-06 23:56:22.5893	2025-11-06 23:56:00
311	eyJ0eXAiOiJKV1QiLCJhbGciOiJIUzI1NiJ9.eyJleHAiOjE3NjI0OTk2NDcsImRhdGEiOnsidXNlciI6eyJpZF9yb2wiOjIsImlkX3VzdWFyaW8iOjg3LCJub21icmVfcm9sIjoiQ2xpZW50ZSJ9fX0.RNr7jIpcbF0YE3pfJfq_S8FBg8EOXRtsUzKYBLZQUgs	2025-11-07 00:14:13.00875	2025-11-07 00:14:07
312	eyJ0eXAiOiJKV1QiLCJhbGciOiJIUzI1NiJ9.eyJleHAiOjE3NjI1NTc3ODYsImRhdGEiOnsidXNlciI6eyJpZF9yb2wiOjIsImlkX3VzdWFyaW8iOjg3LCJub21icmVfcm9sIjoiQ2xpZW50ZSJ9fX0.rCPmjpDJ2yePz4Gbe1HFBR3VJ9kzMZWHvK4wBnH4I5Y	2025-11-07 16:23:09.614633	2025-11-07 16:23:06
313	eyJ0eXAiOiJKV1QiLCJhbGciOiJIUzI1NiJ9.eyJleHAiOjE3NjI1NjQxODQsImRhdGEiOnsidXNlciI6eyJpZF9yb2wiOjIsImlkX3VzdWFyaW8iOjg3LCJub21icmVfcm9sIjoiQ2xpZW50ZSJ9fX0.Hsvidm847car930O0WhUqdEH0KMpMqermoVjQTawM5Q	2025-11-07 18:09:48.571903	2025-11-07 18:09:44
314	eyJ0eXAiOiJKV1QiLCJhbGciOiJIUzI1NiJ9.eyJleHAiOjE3NjI1NjQ0MTUsImRhdGEiOnsidXNlciI6eyJpZF9yb2wiOjIsImlkX3VzdWFyaW8iOjg3LCJub21icmVfcm9sIjoiQ2xpZW50ZSJ9fX0.IxqcgQtluXWiGXq4DjC3LOgxEywSrndtRJXdHzcam-A	2025-11-07 18:13:38.367661	2025-11-07 18:13:35
\.


--
-- TOC entry 4935 (class 0 OID 49167)
-- Dependencies: 225
-- Data for Name: login_attempts; Type: TABLE DATA; Schema: public; Owner: postgres
--

COPY public.login_attempts (ip_address, failed_attempts, blocked_until) FROM stdin;
192.168.0.108	3	2025-11-07 17:12:03
\.


--
-- TOC entry 4927 (class 0 OID 16433)
-- Dependencies: 217
-- Data for Name: persona; Type: TABLE DATA; Schema: public; Owner: postgres
--

COPY public.persona (id_persona, nombre, apellido_paterno, apellido_materno, sexo, activo) FROM stdin;
16	Obe	Alcantar	pacheco	Hombre	f
17	Gerardo	ss	ffgf	Hombre	f
21	Sandra	Lopez	Lopez	Femenino	t
11	Kevin Javier	Renteria	Ruiz	Hombre	f
12	Karen	Estrada	Macias	Femenino	t
22	Monserrat	Guzman	Gomez	Femenino	t
31	Juan	Prez	Gmez	Masculino	t
2	Adriana	Renteria	Ruiz	Avion	f
27	ROBERTOoooo	SANCHEZ	LOPEZ	Masculino	f
28	Juan	Prez	Gmez	Masculino	f
30	Juan	Prez	Gmez	Masculino	f
5	Ana	Garca	Fernndez	Femenino	f
25	Juan	Prez	Gmez	Masculino	f
36	Ronaldo	Huizar 	Gallo	Masculino	t
8	Mara	Gmez	Lpez	Femenino	f
1	Adrian	Renteria	Ruiz	Hombre	f
9	Kevin Javier	Renteria	Ruiz	Hombre	f
41	Alberto	Zamorano	Haro	Masculino	t
6	Luis	Martn	Snchez	Masculino	f
14	Kevin	Renteria	XD	Hombre	f
10	Kevin Javier	Renteria	Ruiz	Hombre	f
13	Kevin	Renteria	Ruiz	Hombre	f
7	Miguel Angel	Montes	Contreras	Masculino	f
37	Ronaldo	Huizar	Gllo	Masculino	f
32	Juan	Prez	Gmez	Masculino	f
3	Adrian	Renteria	Ruiz	Hombre	f
4	Carlos	Hernndez	Ramrez	Masculino	f
33	Juan	Prez	Gmez	Masculino	f
38	Yohana	Guzman	Ramos	Femenino	f
39	Obed	Alcantar	Pacheco	Masculino	f
42	Sandra	Prez	Lopez	Femenino	f
40	dsfjsd	dewfw	verv	Masculino	f
43	Adrian	Gallardo	Buenrostro	Masculino	f
44	Adran 	Gallardo	Buenrostro	Masculino	f
45	Adrian	Gallardo	Buenrostro	Masculino	t
46	Ronaldo	Huizar	Gallo	Masculino	t
47	Kevin Javier	Renteria	Ruiz	Masculino	t
18	Miguel	Lopez	Rubio	Hombre	f
19	Jordi	Meza	Guerra	Hombre	f
20	Jordi	Meza	Guerra	Hombre	f
48	Yohana	Guzman	Ramos	Femenino	t
49	Candelario	Lopez	Lopez	Masculino	t
50	qq	qq	qq	Masculino	t
51	rrr	rrr	rr	Masculino	t
52	Obed	Alcantar	Pacheco	Masculino	t
53	aaa	aaa	aaa	Masculino	t
54	uuuu	uuu	uuu	Masculino	t
55	qqq	www	www	Masculino	t
56	rr	rrr	rrr	Masculino	t
57	mmmmm	mmmmm	mmm	Masculino	t
58	Miguel Angel	Lopez	Rubio	Masculino	t
59	Gerardo	Meza	Gomez	Masculino	t
63	Ronaldo	Huizar	Gallo	Masculino	f
69	Alberto	Haro	Zamorano	Masculino	f
68	Montserrat	Macias	Meraz	Femenino	f
71	Montserrtat	Macias	Meraz	Femenino	t
64	Obed	Alcantar	Pacheco	Masculino	f
67	Kevin Javier	Renteria	Ruiz	Masculino	f
72	Monstserrat	Macias	Meraz	Femenino	t
61	Sofia	Gomez	Lopez	Femenino	t
60	Sandra	Lopez	Gomez	Femenino	t
62	Karla	Flores	Meza	Femenino	t
76	Gerardo	Martinez	Acosta	Masculino	t
15	Adrian	Gallardo	Buenrostro	Hombre	t
65	Ronaldo	Huizar	Gallo	Masculino	t
77	Miguel	Lopez	Rubio	Masculino	t
74	Obed	Alcantar	Pacheco	Masculino	t
66	Yohana	Guzman	Ramos	Femenino	t
78	Candelario	Lopez	Lopez	Masculino	t
70	Kevin Javier	Renteria 	Ruiz	Masculino	t
79	Gerardo	Martinez	Acosta	Masculino	t
80	Gerardo	Martinez	Acosta	Masculino	t
73	Kevin	Renteria	Ruiz	Masculino	t
81	Miguel	Lopez	Rubio	Masculino	f
82	Gerardo	Martinez	Acosta	Masculino	t
83	fdfd	dfkdkh	hksfkhd	Masculino	t
75	Alberto	Haro	Zamorano	Masculino	f
84	Adrian	Gallardo	Buen	Hombre	t
85	Adrian	Gallardo	Buen	Hombre	t
86	Adrian	Gallardo	Buen	Hombre	t
88	Adrian	Gallardo	Buen	Hombre	t
90	Adrian	Gallardo	Buen	Hombre	t
92	Adrian	Gallardo	Buen	Hombre	t
102	Adrian	Gallardo	Buen	Hombre	t
103	Adrian	Gallardo	Buen	Hombre	t
104	Adrian	Gallardo	Buen	Hombre	t
105	Adrian	Gallardo	Buen	Hombre	t
106	Adrian	Gallardo	Buen	Hombre	t
107	Adrian	Gallardo	Buen	Hombre	t
108	Adrian	Gallardo	Buen	Hombre	t
109	Adrian	Gallardo	Buen	Hombre	t
110	Adrian	Gallardo	Buen	Hombre	t
111	Adrian	Gallardo	Buen	Hombre	t
112	Adrian	Gallardo	Buen	Hombre	t
113	Adrian	Ga	Bue	M	t
114	Adrian	ga	bu	Masculino	t
115	Adrian	ga	bu	F	t
116	Adrian	Ga	Bu	M	t
117	Adrian	Gallardo	Buen	Hombre	t
118	Adrian	Gallardo	Buen	Hombre	t
119	Adrian	Gallardo	Buen	Hombre	t
120	Adrian	Ga	Bu	M	t
121	Adrian	ga	bu	Hombre	t
122	aaa	aa	aa	Hombre	t
123	aaa	aa	aa	Hombre	t
124	aaa	aaa	aaa	M	t
125	Aaa	Aa	Aa	M	t
126	qqq	qqq	qq	M	t
127	asas	asas	asas	M	t
128	ddd	dd	dd	M	t
129	ewe	wew	ewe	M	t
130	rw	wer	wer	M	t
131	Adjd	Hsgd	Hsjd	M	t
132	aaa	aa	aa	M	t
133	sad	dasd	asdd	M	t
134	qqq	qq	qqq	M	t
135	Adjdj	Hfd	Jsjd	M	t
136	Adrian	Gallardo	Buen	Hombre	t
137	dfd	dfd	fdfd	M	t
138	ww	rr	r	M	t
139	qq	qqq	qqq	M	t
140	sss	ss	sss	M	t
141	asas	asas	assa	M	t
142	sdsd	sds	sdsd	M	t
143	ds	sdds	sd	M	t
144	dsds	sdsd	sdsd	M	t
145	Roberto	Lopez	Carrillo	M	t
146	asd	asdas	sadas	M	t
147	dsdsd	sdsd	dds	M	t
148	ADRIAN	GAS	BU	M	t
149	Adrian	Gallardo 	Buenrostro 	M	t
150	as	asas	as	M	t
151	Hsje	Ehdh	Dbd	M	t
152	aaa	aaa	aaa	M	t
153	wew	ewew	ewew	M	t
154	sdsd	ssdd	dsdsd	M	t
155	Adrian	Gallardo	Buenrostro 	M	t
156	Jfjf	Hfjf	Bzbd	M	t
157	Hejf	Xhdh	Ehjf	M	t
158	ddd	dd	dd	M	t
159	sadasd	hhhh	hhh	M	t
160	qwewe	wewew	ewewe	M	t
161	Adjgkg	Fjfjg	Djfjfj	M	t
162	Jny	Hh	Zbdjf	M	t
163	sddsd	sdsd	sdsd	M	t
164	sddsd	sds	dsd	M	t
165	Bfjf	Dydjx	Djdxj	M	t
166	Brbfng	Ehfjg	Ehfjjf	M	t
167	efwerwe	ewrewr	rwerwe	M	t
168	eqwe	eqwewq	eqwe	M	t
169	Bdbfb	Fbfbf	Dnfbfj	M	t
170	Bfjfjcn	Fjdjfj	Djdjx	M	t
171	Adrian	Gallardo	Buen	Hombre	t
172	Adrian	Gallardo 	Buenrostro 	M	t
173	Adri	Jfjf	Fjfj	M	t
\.


--
-- TOC entry 4929 (class 0 OID 16463)
-- Dependencies: 219
-- Data for Name: rol; Type: TABLE DATA; Schema: public; Owner: postgres
--

COPY public.rol (id_rol, nombre_rol, activo) FROM stdin;
3	Secretaria primaria	t
4	Secretaria inclusiva	t
1	Administrador	t
2	Cliente	t
\.


--
-- TOC entry 4931 (class 0 OID 16477)
-- Dependencies: 221
-- Data for Name: usuario; Type: TABLE DATA; Schema: public; Owner: postgres
--

COPY public.usuario (id_usuario, nombre_usuario, password, fk_id_persona, activo, correo, cuenta_activa, codigo_activacion, fecha_expiracion_activacion, token_recuperacion, fecha_expiracion_recuperacion) FROM stdin;
63	CHIMI78787	$2y$10$3/LDvlx0uoU/QeUZrcqndO9vcqCs3pAUjZpaIDduDXCvr.05bK1wq	125	t	ahdb5@gmail.com	f	269234	2025-09-19 21:01:16	\N	\N
47	CHIMIadmin13	$2y$10$xzzjUXlQ5vljG5a4A8.Rt.BA8QQYhPOr8.rcOHbJsptxDuCBsCXcW	109	t	ejemplo99@gmail.com	t	\N	\N	\N	\N
44	CHIMIadmin10	$2y$10$X1kQbXbUtuuZPcfn/9WnAeHJnyDCqQxfV9VqUXdasjYOB56frK2fW	106	t	ejemplo-prueba10@gmail.com	f	022033	2025-09-18 19:57:21	\N	\N
48	CHIMIadmin14	$2y$10$24INoRyTjDrJxGm9RMwCluTKcRZN7EFbgVNHMR0BJN96gtG0B9Zfi	110	t	ejemplo99@gmail.com	t	\N	\N	\N	\N
70	CHIMI883	$2y$10$1M96PF7Y9SGWOmJDHgxkMOTO7.M/HvuAGP8deWB47LgzyMg7SAap.	132	t	ejemplo@gmail.com	f	379901	2025-09-20 00:37:56	\N	\N
65	CHIMI23333	$2y$10$2NLuTDIMUo/SCfTaON3xAe2w1MQpCUCPQ1xVVO.pq9FC0OFOAm0vy	127	t	as	f	960136	2025-09-19 22:04:09	\N	\N
66	CHIMIxd444	$2y$10$1Ttk3UcjNFsNFlHAB2arSOPfqKbVwarnulN.jzjI3UeQu3NMKDpxu	128	t	dfdd@gmail.com	f	927110	2025-09-19 23:21:41	\N	\N
49	CHIMIadmin15	$2y$10$B.BMecLSgpUZMTLEJoQIP.klEbCUnRN/VQh4Voy69L7xvZCDGYPua	111	t	ejemplo-prueba15@gmail.com	f	558096	2025-09-19 17:55:51	\N	\N
50	CHIMIadmin16	$2y$10$L/XdnKno6hgfX4/oBSaRLeyIzigs6XsNvrX6xjuasrLZkQSdg5F2q	112	t	ejemplo-prueba16@gmail.com	f	761798	2025-09-19 17:56:34	\N	\N
26	ron	$2y$10$K/rhQKoax2v185gjm6UebO.jurnE/tHL8s9B9eXmqy9Tjy0ETeDKC	63	f	ejemplo@gmail.com	t	\N	\N	\N	\N
24	Secretaria_2	$2y$10$k.70vKI2JmLmaT4DMJViiOK56JGnnWgZUjtafMphcclFk2KFKWTue	61	t	ejemplo@gmail.com	t	\N	\N	\N	\N
28	maikelmayers	$2y$10$.vReRymJzxlwp1/Nfurom..IO4TMEl5WntnllfOyIdcvcahZg7pB.	77	t	ejemplo@gmail.com	t	\N	\N	\N	\N
51	CHIMI22	$2y$10$uMszN2hcO5Cp1qhLxdcNMuZgz.1i0wgp4E.Bjabt.vbCw3wVG4jOu	113	t	ejemplo-prueba17@gmail.com	f	609674	2025-09-19 18:56:37	\N	\N
29	Cande	$2y$10$4f10ByhPsRBApFUo9Ki0zeZjfL.5BEKwTLRKOu2Yr2soy0GLragSK	78	t	ejemplo@gmail.com	t	\N	\N	\N	\N
23	Secretaria_1	$2y$10$i63hWjvyxL6HqxPoXP2bhOYzrAgz2yiauNaw5qm6bOfnZGDXxB34.	60	t	ejemplo@gmail.com	t	\N	\N	\N	\N
25	Secretaria_3	$2y$10$0E6viENiPJX9Y.atf5rIzeNF7vPVTLrbBovHBUqDFdCIyEF6xhgB6	62	t	ejemplo@gmail.com	t	\N	\N	\N	\N
27	Doofter	$2y$10$Jl6sugsAwkUhtm6tSAHvjuTSNVHZZb1SORZxhzZgLMs0vuUhQ9tRO	70	t	ejemplo@gmail.com	t	\N	\N	\N	\N
30	jerry	$2y$10$sE.YxbmulIlqjW7SxjIF/OGnT3eyRnyCWl136ryrpW3rOEUasOG0a	79	t	ejemplo@gmail.com	t	\N	\N	\N	\N
31	Hierros	$2y$10$Nz1sI.tJIbaUUe7sQ9ZwneZRkkEmFzBU9YoZMj8HNRfJhkTNx3w9a	80	t	ejemplo@gmail.com	t	\N	\N	\N	\N
32	ahhh miguel	$2y$10$K0H4NFbEu4eGDrj20vHFiOX4kJvbX.LkFBoN36jb8zPUg2XDdo//m	81	f	ejemplo@gmail.com	t	\N	\N	\N	\N
33	Secretaria_4	$2y$10$Dym78CfC4tUQFqSxxSQ5kupqXPqydhpCnx4CG999YXE6Zh1.MRY8y	82	t	ejemplo@gmail.com	t	\N	\N	\N	\N
34	CHIMI2	$2y$10$BU/bdcdB0IbtwOdDkhGleeX.g6S5mk8FWWH2.YritnqFZIcqD2SV2	84	t	ejemplo@gmail.com	t	\N	\N	\N	\N
15	CHIMIxd	$2y$10$rZXHvxnEes.Mkziv8TaMd.AU/ektdXnKKmcaRNwZu0yiXJS8PJPry	15	t	ejemplo@gmail.com	f	\N	\N	\N	\N
35	CHIMI1	$2y$10$v3x4iEshMs3qgg4Mn1nFt.i0PG4pnyIfRxz/Lmg.bacroK/lG98O2	85	t	ejemplo-prueba@gmail.com	t	\N	\N	\N	\N
36	CHIMIadmin	$2y$10$KANf6cL1t76hqY/Be7O4pOFJlaMjkrFysYCRiUha1OlnWPupCzBbm	86	t	ejemplo-prueba01@gmail.com	t	\N	\N	\N	\N
37	CHIMIadmin3	$2y$10$daXhhHV1EASNaitPPgv8MuxU4dSpr0E5a9E8QqbuPFj3qXU80crl6	88	t	ejemplo-prueba03@gmail.com	t	\N	\N	\N	\N
38	CHIMIadmin4	$2y$10$iSxgiNVaxWXEHynBKwPPR.pUm7RYRtcv7Q6y5VgXuFlTBbfhA8uM6	90	t	ejemplo-prueba04@gmail.com	f	\N	\N	\N	\N
39	CHIMIadmin5	$2y$10$BdHpHcsrvw6vEnOditkh9e9qkbgoxqdhdvVNhibe786J9Rv31KNl2	92	t	ejemplo-prueba05@gmail.com	f	\N	\N	\N	\N
40	CHIMIadmin6	$2y$10$5RWjRpFENpuWCUjWK8AeXOpZI4.8wTkq9P9yit/4luBnxKHQ1bvOe	102	t	ejemplo-prueba06@gmail.com	f	845420	2025-09-18 18:32:27	\N	\N
41	CHIMIadmin7	$2y$10$uEtBADsnFKmdTrXCtGUHOuqtU/uTRGmnijEUroW0lSrgnisN20HiG	103	t	ejemplo-prueba07@gmail.com	f	991374	2025-09-18 18:33:23	\N	\N
42	CHIMIadmin8	$2y$10$EjIMD9aYJzeFhzk7RiSQt.pGb1v0lNGQVCuKVcDoogyE6.FBjYW3e	104	t	ejemplo-prueba08@gmail.com	t	\N	\N	\N	\N
43	CHIMIadmin9	$2y$10$SdiDGAtjyp5OvZ0u6OKpku6Y8ttbAejQN81c9NUoR4Dd5EG00UWv.	105	t	ejemplo-prueba09@gmail.com	t	\N	\N	\N	\N
52	CHIMI23	$2y$10$VFp5CNSpeh6lOf4IhP3TPu29pV1w.NCM7qgkDfNyR9f/NXJuYGlXS	114	t	ejemplo-prueba18@gmail.com	f	269331	2025-09-19 18:59:39	\N	\N
46	CHIMIadmin12	$2y$10$yLNjAqDWJhEwOlJfa0cBK.Xx8IkN69OrcBGcbrXDCYqELno6zgycm	108	t	ejemplo99@gmail.com	t	\N	\N	\N	\N
53	CHIMI19	$2y$10$hDMP5ej..rFgysbKgmkH.u77VtmqRx5EazRm/eGBjtkWAvQsJz5Lm	115	t	ejemplo-prueba19@gmail.com	f	241668	2025-09-19 19:09:48	\N	\N
54	CHIMI20	$2y$10$wM5NTy3TqgocwhrYMXvC3erTGvqeWQrL6JtDi/JPS3fB6xRLq4QNS	116	t	ejemplo-prueba20@gmail.com	f	685181	2025-09-19 19:11:58	\N	\N
55	CHIMIadmin20	$2y$10$udL7wkCdfkQ4wkK7IHuVl.jerp7BH7A3aLYfIFPqb/aSdgQVb9iNO	117	t	ejemplo-prueba22@gmail.com	f	705403	2025-09-19 19:30:44	\N	\N
56	CHIMIadmin24	$2y$10$Vm0l0sNGQXSTxwOw7gr9neIPuvdyAGzS8.cESAj9uxW6gbIWl/uE.	118	t	ejemplo-prueba24@gmail.com	f	171593	2025-09-19 19:31:21	\N	\N
57	CHIMIadmin25	$2y$10$LJsh66jGD/9HefiOoRPucuo14bMQSCYhVO9wVo2V36ODNuT2Coaa.	119	t	ejemplo-prueba25@gmail.com	f	587693	2025-09-19 19:33:03	\N	\N
58	CHIMI30	$2y$10$VosuKmdrZnEJFCtlX9Cvau6VbLAdq5Be/O.D.WAjsGc1FuItkp0qC	120	t	ejemplo-prueba30@gmail.com	f	129887	2025-09-19 19:35:32	\N	\N
59	CHIMI33	$2y$10$hRXL2PANiqwIYZLLBJF1NuaL4WckmPJmohAZqc5TOEvQTu.xJlaZO	121	t	ejemplo33@gmail.com	f	414637	2025-09-19 19:40:04	\N	\N
60	aaaa	$2y$10$S0miXF2wq6Z4w5OrxzNpQePaudtZkcVkHP60P0Wpz7YKX50ulGAim	122	t	aa@gmil.com	f	052650	2025-09-19 20:43:08	\N	\N
61	aaaa33	$2y$10$TIR.SfHCxMD8OvX0XFG/ru7f311PNxE8Lrb8zjZDzvL4ScX86N8Ui	123	t	aa33@gmil.com	f	810578	2025-09-19 20:47:00	\N	\N
62	CHIMI25455	$2y$10$vGQbOk/mDAFTFgukYZc9nuxu1ivZM58uXeHCK2jyKHK89Vq1iYaT.	124	t	aaa44@gmail.com	f	390542	2025-09-19 20:55:00	\N	\N
67	DC	$2y$10$Pap0.huxE2E2GZP9D2u37e5DAdzlzyDnEOaoRG/Ou3U0/cS7RNYYy	129	t	wewe@gmil.com	f	520146	2025-09-19 23:24:03	\N	\N
68	wwewee	$2y$10$4H4ICOiAXOM2NL4b06yJAeNvWpxv9UV80xd85TtpOeZIskltEEs7m	130	t	ss@dd.dd	f	405687	2025-09-19 23:27:29	\N	\N
69	SAAS	$2y$10$z01eNEvJa9DfTcP/O14nmutJr.dom29VjTH.ZM/XhfIzsX4cnaGES	131	t	hdhd@gah.cc	f	801349	2025-09-19 23:38:35	\N	\N
45	CHIMIadmin11	$2y$10$29wOaTNYjpWefUfR1RsRheuufYl4NiCpbEsfdiCa9ifz9A3Qmnh2e	107	t	ejemplo99@gmail.com	t	\N	\N	\N	\N
71	CHIMIxd4	$2y$10$0ug1fId3fyuZ2hgr94F5j.9ZZxJNzdDCg3kspLoLfJ.eqxhphCps2	133	t	dsd@dd.f	f	058844	2025-09-20 00:41:22	\N	\N
72	weffrwre	$2y$10$0rQPa5Kr.wWZIhoNYe6jhO1j4wB11RSA.XH9Wjjb7b3U3paDTKnoW	134	t	qq@gg.gg	f	256919	2025-09-20 10:34:25	\N	\N
73	CHIMIkingkong	$2y$10$rQFT9IGe6lI9Qhwgs7vAYO7Ux0GvylPGfF1LIwbkIcVzCqk9zKGWW	135	t	ajdj@nd.f	f	077660	2025-09-20 11:29:30	\N	\N
74	CHIMIadmin27	$2y$10$wNGrjnExUsbhFuQlBuZFFueSqxqj2r58bhigMAdT4l8EyVQmQ6jC6	136	t	ejemplo-prueba27@gmail.com	f	933251	2025-09-20 11:32:43	\N	\N
75	fdfd	$2y$10$q9X2rvmO5zKTSkMe.tuPxeGx7eo7NZnmgHCK9zU1fZbqPdvi6JlnS	137	t	fd@dd.jj	f	064087	2025-09-20 11:33:35	\N	\N
76	CHIMI21212	$2y$10$jv02UnKq4GTfPIB/7CDIXu/5AkzX0Xk5FlaYvm3Mo9gAH1A99kJ92	138	t	rrr@f.f	f	392837	2025-09-20 11:48:44	\N	\N
77	WE	$2y$10$GiXVUQOibbQ/.j.axpwnZecZSV24cxfRidOzotGnCzvGbPKih8gPa	139	t	rrer@dd.jj	f	004975	2025-09-20 12:51:34	\N	\N
78	QE	$2y$10$SMoM2t7daf2vvJAPDFAuxunf63EeSxSTARuqoR1UQqsSIjugTosiK	140	t	ss@ss.s.	f	463276	2025-09-20 12:52:31	\N	\N
79	dddd	$2y$10$fhVdBuZpQ/QDh5NG8uWkEefRLWLModfsI6PSiayfSaFIWpaOcpI/i	141	t	sa@gag.i	f	841939	2025-09-20 13:04:03	\N	\N
80	SSSSS	$2y$10$6eIa2iyLGC0kXuw9id8yHeeCZJo8vk8KU.udUMYGvCscDb3VcdpqO	142	t	sdd@aa.aa	f	964570	2025-09-20 13:36:39	\N	\N
81	AAAAA	$2y$10$Kv1H/7NjkDro7wx5BYKjTueHXlPOMIbdTmk7ZQnn1vAkUDW99ec.m	143	t	ssd@hdh.d	f	907230	2025-09-20 13:37:55	\N	\N
82	WEEYEYEYYEYEYE	$2y$10$JRMjoNOJQxuKtkQTAfUjrO1uRg/iDCgzgcb4ZncwGv.qdVt9cGBSC	144	t	adasdd@gmail.com	f	191654	2025-09-20 14:11:00	\N	\N
83	ROBERTOLC91	$2y$10$wdhk5r/4M0uBAkbcAiLsTudiG0gSNXUVPbBtBiU348AuCWTJNTuU.	145	t	rlc@gmail.com	f	622166	2025-09-20 14:24:18	\N	\N
84	rrrrr	$2y$10$d6fL1bz87h9rM3FOp/Om0ef0ObOnYV6HKxSOOFZjPDUknqbxtynHq	146	t	adad@sdd..dd	f	992782	2025-09-20 14:27:57	\N	\N
85	AAAA	$2y$10$Amh027OkgBIDDEcpdHNkFeSRxfb0PgQ493ljwVxO/YSd94ueE2Y0q	147	t	jjj@jj.com	f	743344	2025-09-20 15:00:16	\N	\N
100	jwriif	$2y$10$dHGtzGI3.GKfDlPYvYcHYOlZOw3ryNNZPBDmPtuGSBbZkQNBoXmQe	162	t	bdj@jdjf.f	t	\N	\N	\N	\N
64	CHIMI222222	$2y$10$pQ1fh2H2Sw0ixhSbL/zPceUJspMflB1H0Qwj7dzV2Z7qM16Lqas7G	126	t	qqq@gmail.com	f	966710	2025-09-20 15:49:01	\N	\N
94	nfjf	$2y$10$x5eXxrkJKHRXbNM3ohxKSOmxu7RZN/xIwrTpA0C6hEm085F.7S1Jq	156	t	dbdh@ge.e	f	941594	2025-09-28 16:26:37	\N	\N
86	CHIMIww	$2y$10$SUCvWxhI7LhIgDtKZWKbNepZxIYk0pe.ESHRFQuhFQY1YYnN4qKYe	148	t	add@gamil.com	f	634525	2025-09-20 16:22:06	\N	\N
93	AdrianGB673	$2y$10$VRT.ULUjJMl1iwA.f9I1ieQSvwRcO1uMitAAAHaa39n2gmEvRsGhC	155	t	perrasesina069@gmail.com	t	664433	2025-09-28 14:21:31	2a7e5115d54d6bbcb2acbe6bdc3dc6d9b0cc87d589e60742ec44c49528b9bedb	2025-11-06 21:03:37
99	Alfonso	$2y$10$hp.D1yJ4nTA8hEeCRIbIeO6ITZM/6GkNqxtb/e9ocMZH2hfwHZTwK	161	t	djdh@hf.ff	t	\N	\N	\N	\N
89	jejf	$2y$10$/I8zAzxigY2qi9i/TghcYuzn8tMofdlkX09gkLzZo5BhBHg6RT7ry	151	t	whsn@hdh.ed	f	000916	2025-09-20 16:34:23	\N	\N
88	QWREE	$2y$10$kOuGG3n6gF.bk2xu.BXdluRJ8WXHKUh1hotCq0QzQ3mGimSFKKRim	150	t	asa@aa.cc	f	416567	2025-09-20 16:36:42	\N	\N
107	Kevinspoon	$2y$10$a5qotCXxhegsjTw82mul9uWWmhavPDvyAVMKCoRiZObvwaN8BgXpW	169	t	ebfj@tqk.fg	t	\N	\N	\N	\N
90	wwwwww	$2y$10$e8twXE1BHU2.dly./NresejnXnhYRnc7475n.y8t14dcI2GAJiKbW	152	t	aads@dddd	f	035812	2025-09-28 13:29:53	\N	\N
91	33rwr	$2y$10$qXZ/JGNjMXdhFXTU81.97.O5l5B1n/NeiOAjoUI.SXuV47KGCaIe2	153	t	eweewe@df.ss	t	\N	\N	\N	\N
92	eerer	$2y$10$nGdUTnG5VQzvH7zothWMw.iXJLzavCslqio8nQKkKziLJQKB16hb6	154	t	sds@dssd.dd	t	\N	\N	\N	\N
111	jejfjg	$2y$10$MxMXHYpr87Yfhs76tO.9cutCduJpy.NBKVLJ0TzJNuxfyHmygAtzK	173	t	chimigallardo883@gmail.com	t	097750	2025-11-06 18:26:00	f9df0ac1460deca3a19b01fac83170e7f8e8b1854c166b41bea0f1022858d348	2025-11-06 21:27:58
108	KevinSPOONcake	$2y$10$FtclktlU2AMYhwYhIOV.vOSU9LrG/T3aQ74.ZIk51/ubzbDSARppK	170	t	fbfjgj@hfhfj.fjfj	t	\N	\N	\N	\N
101	ffff	$2y$10$dTvQGiPkAxSakbzRcimezuXpOsXzltUbA2OOAvBEeGBIMrADYDTVq	163	t	djdh@hf.ff	f	605714	2025-09-28 17:38:43	\N	\N
95	jfjfjjc	$2y$10$9te0UjLSk.AKqVfL7elYc.Hx9iEIPh5E2nGy5R9OqA5paN9YJt7oW	157	t	alfonsodg9000@gmail.com	t	\N	\N	\N	\N
96	ewrwetw	$2y$10$n.eNR901rJ5kVmCLrw3C1Os3/JT0N.n4/i2.oXu6pHix3r7z2Dvc2	158	t	asdsgew@ffb.bb	t	\N	\N	\N	\N
109	CHIMIadmin28	$2y$10$Co92avLAb2XciNL6B5u.r.sXajIh7l/LZJTI7oMgM1tUVt8g66RP.	171	t	ejemplo-prueba28@gmail.com	f	322084	2025-11-06 17:26:43	\N	\N
97	qqqqqq	$2y$10$.I1D2m7h74wd.ZNTSybUmOJlEbbyD45K.1I4a5CO1RSSxDKxoz0Yi	159	t	hdshd@hfhf.dd	t	\N	\N	\N	\N
98	ddddd	$2y$10$IOmOfM2YlIrNYirVm.mlgujs2eWs/5wnc4SORNHt1uFFqGbtnEI5i	160	t	fvdvdc@dd.dd	t	\N	\N	\N	\N
103	nrnfkg	$2y$10$0iymaEJhHPjTKj4UT0N4cuhlc2lF5RhOihRj44cgQXIogXzrEyLFu	165	t	wjej@geh.ek	t	\N	\N	\N	\N
106	KevinSpoon	$2y$10$Og9KJyinW6YS2kaBjNqEQeNh4KASKAjITCBt595Hi7SC0nywphqUC	168	t	wqewq@fgf.hgh	t	\N	\N	\N	\N
110	CHIMIgod	$2y$10$nkRM7KMbUmDpA3XQVAqwNOgQJcugQLV9NyDu.LIzsvyRM02HDJK6O	172	t	chimi.7zip@gmail.com	t	\N	\N	2964c605a09400fd3f4fc3de3fb05cb7bc1ff847a78fe48eefd2a8d583fd6e99	2025-11-06 18:30:07
102	wewewe	$2y$10$n/Lc3QpNDPdj6a25SgTIjeUXf/YiEvK.BYwIgrJXPqJMgXsbDmSwm	164	t	alfonso9703dg@gmail.com	t	\N	\N	\N	\N
104	jwjfjf	$2y$10$9FGpgLu0s3w9zkjzGkYhouekU/X6cvWcIC8/IhtdplfH.deP3tzIi	166	t	wjejjd@heb.rf	f	852777	2025-09-28 18:04:08	\N	\N
105	ddddregte	$2y$10$HzzmE3VARKUApP0Ui.PhleOUJ9m51uagu7UkFhCc/N9Zytjrx5zZ2	167	t	ewfew@dfdf.ff	t	\N	\N	\N	\N
87	AdrianGB	$2y$10$6KkDTFuR7Foc6itslafhPuT1HT7vZaLvYPOtouc31yJLoxsg1J4GS	149	t	al05-001-0322@utdelacosta.edu.mx	t	963373	2025-09-20 16:25:13	\N	\N
\.


--
-- TOC entry 4933 (class 0 OID 16481)
-- Dependencies: 223
-- Data for Name: usuario_rol; Type: TABLE DATA; Schema: public; Owner: postgres
--

COPY public.usuario_rol (id_usuario_rol, fk_id_usuario, fk_id_rol) FROM stdin;
26	26	1
24	24	3
23	23	2
25	25	4
15	15	1
28	28	1
29	29	1
27	27	1
30	30	1
31	31	1
32	32	3
33	33	3
34	34	2
35	35	1
36	36	1
37	37	1
38	38	1
39	39	1
40	40	1
41	41	1
42	42	1
43	43	1
44	44	1
45	45	1
46	46	1
47	47	1
48	48	1
49	49	1
50	50	1
51	51	2
52	52	2
53	53	2
54	54	2
55	55	1
56	56	1
57	57	1
58	58	2
59	59	2
60	60	2
61	61	2
62	62	2
63	63	2
64	64	2
65	65	2
66	66	2
67	67	2
68	68	2
69	69	2
70	70	2
71	71	2
72	72	2
73	73	2
74	74	1
75	75	2
76	76	2
77	77	2
78	78	2
79	79	2
80	80	2
81	81	2
82	82	2
83	83	2
84	84	2
85	85	2
86	86	2
87	87	2
88	88	2
89	89	2
90	90	2
91	91	2
92	92	2
93	93	2
94	94	2
95	95	2
96	96	2
97	97	2
98	98	2
99	99	2
100	100	2
101	101	2
102	102	2
103	103	2
104	104	2
105	105	2
106	106	2
107	107	2
108	108	2
109	109	1
110	110	2
111	111	2
\.


--
-- TOC entry 4946 (class 0 OID 0)
-- Dependencies: 216
-- Name: lista_negra_id_token_seq; Type: SEQUENCE SET; Schema: public; Owner: postgres
--

SELECT pg_catalog.setval('public.lista_negra_id_token_seq', 314, true);


--
-- TOC entry 4947 (class 0 OID 0)
-- Dependencies: 218
-- Name: persona_id_persona_seq; Type: SEQUENCE SET; Schema: public; Owner: postgres
--

SELECT pg_catalog.setval('public.persona_id_persona_seq', 173, true);


--
-- TOC entry 4948 (class 0 OID 0)
-- Dependencies: 220
-- Name: rol_id_rol_seq; Type: SEQUENCE SET; Schema: public; Owner: postgres
--

SELECT pg_catalog.setval('public.rol_id_rol_seq', 8, true);


--
-- TOC entry 4949 (class 0 OID 0)
-- Dependencies: 222
-- Name: usuario_id_usuario_seq; Type: SEQUENCE SET; Schema: public; Owner: postgres
--

SELECT pg_catalog.setval('public.usuario_id_usuario_seq', 111, true);


--
-- TOC entry 4950 (class 0 OID 0)
-- Dependencies: 224
-- Name: usuario_rol_id_usuario_rol_seq; Type: SEQUENCE SET; Schema: public; Owner: postgres
--

SELECT pg_catalog.setval('public.usuario_rol_id_usuario_rol_seq', 111, true);


--
-- TOC entry 4768 (class 2606 OID 16517)
-- Name: lista_negra lista_negra_pkey; Type: CONSTRAINT; Schema: public; Owner: postgres
--

ALTER TABLE ONLY public.lista_negra
    ADD CONSTRAINT lista_negra_pkey PRIMARY KEY (id_token);


--
-- TOC entry 4778 (class 2606 OID 49172)
-- Name: login_attempts login_attempts_pkey; Type: CONSTRAINT; Schema: public; Owner: postgres
--

ALTER TABLE ONLY public.login_attempts
    ADD CONSTRAINT login_attempts_pkey PRIMARY KEY (ip_address);


--
-- TOC entry 4770 (class 2606 OID 16521)
-- Name: persona persona_pkey; Type: CONSTRAINT; Schema: public; Owner: postgres
--

ALTER TABLE ONLY public.persona
    ADD CONSTRAINT persona_pkey PRIMARY KEY (id_persona);


--
-- TOC entry 4772 (class 2606 OID 16533)
-- Name: rol rol_pkey; Type: CONSTRAINT; Schema: public; Owner: postgres
--

ALTER TABLE ONLY public.rol
    ADD CONSTRAINT rol_pkey PRIMARY KEY (id_rol);


--
-- TOC entry 4774 (class 2606 OID 16539)
-- Name: usuario usuario_pkey; Type: CONSTRAINT; Schema: public; Owner: postgres
--

ALTER TABLE ONLY public.usuario
    ADD CONSTRAINT usuario_pkey PRIMARY KEY (id_usuario);


--
-- TOC entry 4776 (class 2606 OID 16541)
-- Name: usuario_rol usuario_rol_pkey; Type: CONSTRAINT; Schema: public; Owner: postgres
--

ALTER TABLE ONLY public.usuario_rol
    ADD CONSTRAINT usuario_rol_pkey PRIMARY KEY (id_usuario_rol);


--
-- TOC entry 4779 (class 2606 OID 16627)
-- Name: usuario usuario_fk_id_persona_fkey; Type: FK CONSTRAINT; Schema: public; Owner: postgres
--

ALTER TABLE ONLY public.usuario
    ADD CONSTRAINT usuario_fk_id_persona_fkey FOREIGN KEY (fk_id_persona) REFERENCES public.persona(id_persona);


--
-- TOC entry 4780 (class 2606 OID 16632)
-- Name: usuario_rol usuario_rol_fk_id_rol_fkey; Type: FK CONSTRAINT; Schema: public; Owner: postgres
--

ALTER TABLE ONLY public.usuario_rol
    ADD CONSTRAINT usuario_rol_fk_id_rol_fkey FOREIGN KEY (fk_id_rol) REFERENCES public.rol(id_rol);


--
-- TOC entry 4781 (class 2606 OID 16637)
-- Name: usuario_rol usuario_rol_fk_id_usuario_fkey; Type: FK CONSTRAINT; Schema: public; Owner: postgres
--

ALTER TABLE ONLY public.usuario_rol
    ADD CONSTRAINT usuario_rol_fk_id_usuario_fkey FOREIGN KEY (fk_id_usuario) REFERENCES public.usuario(id_usuario);


-- Completed on 2025-11-07 20:07:05

--
-- PostgreSQL database dump complete
--

\unrestrict z1xaPVVq4IkSWIGOzdHxza295lF3C59nYKkC0sdQySIXSratCmkECiaX7NDkt6R

